Min,Avg,Med,Max,Scale,StDev,n,University Name,English Speaking
8.6,9.03,9.01,9.55,10,0.34,5,APJ Abdul Kalam Technological University,N
70.74,72.52,72.52,74.3,100,2.52,2,APJ Abdul Kalam Technological University,N
3.74,4.24,4.26,4.73,5,0.5,3,Aalto University,N
8.04,8.42,8.42,8.8,10,0.54,2,Acharya Nagarjuna University,N
2.8,2.99,2.99,3.18,4,0.27,2,Addis Ababa University,N
71.7,85.11,91,92.63,100,11.64,3,Ain Shams University,N
3.38,3.88,3.9,4.2,4,0.27,8,Ajou University,N
3.68,3.9,3.96,4,4,0.13,5,Alexandria University,N
81.47,87.9,88.34,90.81,100,3.02,8,Alexandria University,N
8.9,9.21,9.21,9.52,10,0.44,2,Aligarh Muslim University,N
3.16,3.47,3.47,3.79,4,0.45,2,Allegheny College,Y
2.36,3.36,3.78,3.93,4,0.87,3,American University,N
3.51,3.57,3.54,3.67,4,0.09,3,American University in Cairo,N
3.51,3.82,3.95,4,4,0.21,7,American University of Beirut,N
76.75,87.56,88.1,98.14,100,5.47,18,American University of Beirut,N
2.49,3.15,3.26,3.69,4,0.61,3,American University of Sharjah,N
3.31,3.69,3.7,3.98,4,0.19,15,Amherst College,Y
13.4,17.02,17.14,20,20,1.94,14,Amirkabir University of Technology,N
6.28,8.15,8.34,9.33,10,1.01,14,Amity University,N
6.63,8.79,8.89,10,10,0.85,48,Amrita Vishwa Vidyapeetham University,N
7.57,8.29,8.28,8.96,10,0.47,6,Andhra University,N
71,74.75,74.75,78.5,100,5.3,2,Andhra University,N
3.04,3.48,3.66,3.75,4,0.39,3,Anhui University,N
6.94,8.58,8.57,9.98,10,0.71,78,Anna University,N
69,80.49,80,100,100,7.24,15,Anna University,N
3.51,3.74,3.85,3.85,4,0.2,3,Appalachian State University,Y
7.49,8.67,8.8,9.67,10,0.84,10,Aristotle University,N
2.97,3.8,3.84,4,4,0.28,25,Arizona State University,Y
58,59.6,59.6,61.2,100,2.26,2,Army Institute of Technology,N
3.18,3.54,3.54,3.91,4,0.31,4,Ashoka University,N
2.63,3.12,2.82,3.72,4,0.55,5,Ateneo de Manila University,N
7.38,8.47,8.43,9.5,10,0.68,13,Athens University of Economics and Business,N
3.61,3.84,3.87,4,4,0.17,4,Auburn University,Y
3.09,3.62,3.69,4,4,0.34,5,Austin College,Y
6.46,6.76,6.81,7,7,0.18,6,Australian National University,Y
83.54,86.77,86.77,90,100,4.57,2,Australian National University,Y
8.18,9,8.98,9.71,10,0.41,18,B. M. Sreenivasaiah College of Engineering,N
73.5,76.16,76.16,78.82,100,3.76,2,B. M. Sreenivasaiah College of Engineering,N
7.9,8.9,9.34,9.47,10,0.87,3,BML Munjal University,N
8.39,9.07,9.25,9.6,10,0.38,13,BMS College of Engineering,N
3.27,3.31,3.31,3.35,4,0.06,2,BRAC University,N
3.78,3.79,3.79,3.81,4,0.02,2,Bahcesehir University,N
3.73,3.86,3.84,4,4,0.14,3,Ball State University,N
8.17,8.94,8.98,9.68,10,0.76,3,Banaras Hindu University,N
78.78,82.58,83.3,85.66,100,3.5,3,Banasthali Vidyapith,N
3.19,3.59,3.61,3.93,4,0.24,6,Bandung Institute of Technology,N
70.1,75.28,75.91,79.2,100,3.98,4,Bangalore University,N
3.06,3.84,3.94,4,4,0.22,21,Bangladesh University of Engineering and Technology,N
3.14,3.72,3.81,4,4,0.26,12,Bard College,Y
3.16,3.56,3.54,4,4,0.36,4,Barnard College,Y
2.84,3.58,3.8,4,4,0.45,9,Baruch College,N
3.11,3.6,3.63,3.87,4,0.3,5,Baylor University,Y
3,3.65,3.7,4,4,0.2,222,Beihang University,N
83,88.48,88.5,92.6,100,2.5,46,Beihang University,N
3.45,3.64,3.69,3.84,4,0.16,5,Beijing Foreign Studies University,N
87.14,89.73,89.5,93.58,100,2.57,5,Beijing Foreign Studies University,N
82.59,87.91,87.33,100,100,5.51,8,Beijing Forestry University,N
3.2,3.41,3.41,3.61,4,0.29,2,Beijing Information Science and Technology University,N
80,85.09,85.09,90.17,100,7.19,2,Beijing Information Science and Technology University,N
3.18,3.62,3.64,3.97,4,0.2,23,Beijing Institute of Technology,N
75,88,88.23,100,100,3.78,55,Beijing Institute of Technology,N
3,3.67,3.73,3.92,4,0.23,17,Beijing Jiaotong University,N
3.89,4.05,4.05,4.21,5,0.23,2,Beijing Jiaotong University,N
81.3,88.71,90.6,95.7,100,4.27,17,Beijing Jiaotong University,N
3.5,3.68,3.71,3.92,4,0.18,5,Beijing Language and Culture University,N
86.4,89.47,89.9,92.05,100,2.5,5,Beijing Language and Culture University,N
3.55,3.77,3.82,3.92,4,0.16,7,Beijing Normal University,N
83,89.17,89.04,95.94,100,3.03,25,Beijing Normal University,N
3.32,3.48,3.48,3.65,4,0.23,2,Beijing Normal University-Hong Kong Baptist University United International College,N
86.6,88.5,89,89.9,100,1.71,3,Beijing Technology and Business University,N
3.1,3.41,3.4,3.74,4,0.32,3,Beijing University of Aeronautics and Astronautics,N
86,86.1,86.1,86.2,100,0.14,2,Beijing University of Aeronautics and Astronautics,N
3.56,3.68,3.7,3.78,4,0.11,3,Beijing University of Chemical Technology,N
85.07,88.56,88.56,92.06,100,4.94,2,Beijing University of Chemical Technology,N
85.39,88.51,89.08,90.58,100,2.13,5,Beijing University of Post and Telecommunication,N
2.78,3.55,3.58,4,4,0.24,55,Beijing University of Posts and Telecommunications,N
76,87.39,87.79,100,100,3.41,251,Beijing University of Posts and Telecommunications,N
2.79,3.6,3.69,3.95,4,0.32,32,Beijing University of Technology,N
3.55,3.77,3.77,3.99,4,0.31,2,Belmont University,N
85,91.81,93.25,95.75,100,4.8,4,"Ben-Gurion University, Beer-Sheva City, Israel",N
3.92,3.96,3.96,4,4,0.06,2,Benedict College,N
79.89,84.61,85.58,87.4,100,3.26,4,Bengal Engineering College,N
8.82,8.91,8.91,9.01,10,0.13,2,"Bharati Vidyapeeth's College of Engineering, New Delhi",N
71.53,79.47,79.47,87.4,100,11.22,2,"Bharati Vidyapeeth’s College of Engineering, New Delhi",N
7.65,8.13,8.3,8.6,10,0.42,5,"Biju Pattnaik University of Technology, Rourkela",N
74.02,78.31,78.31,82.6,100,6.07,2,"Biju Pattnaik University of Technology, Rourkela",N
3.08,3.66,3.73,3.99,4,0.23,45,Bilkent University,N
2.5,3.53,3.65,4,4,0.44,10,Binghamton University,Y
6.25,7.22,7.56,7.85,10,0.85,3,Birla Institue of Technology,N
5.87,8.27,8.32,9.88,10,0.73,133,Birla Institute of Technology and Science Pilani - Goa Campus,N
3.59,3.65,3.65,3.7,4,0.08,2,"Birla Institute of Technology and Science, Pilani",N
5.34,8.52,8.61,10,10,0.88,240,"Birla Institute of Technology and Science, Pilani",N
6.37,8.71,8.76,9.93,10,0.77,22,"Birla Institute of Technology and Science, Pilani-Dubai Campus",N
6.49,8.66,8.79,9.95,10,0.82,80,"Birla Institute of Technology and Science, Pilani-Hyderabad",N
6.21,7.9,8,9.22,10,0.73,45,"Birla Institute of Technology, Mesra, Ranchi",N
73.4,75.7,75.7,78,100,3.25,2,"Birla Institute of Technology, Mesra, Ranchi",N
3.47,3.76,3.79,4,4,0.23,4,Bloomsburgh University of Pennsylvania,Y
2.57,3.29,3.23,4,4,0.47,20,Bogazici University,N
3.9,3.94,3.94,3.98,4,0.06,2,Boise State University,Y
3.34,3.72,3.7,3.97,4,0.16,20,Boston College,Y
2.58,3.62,3.65,4,4,0.29,57,Boston University,Y
3.4,3.67,3.76,3.95,4,0.22,11,Bowdoin College,Y
3.42,3.55,3.55,3.69,4,0.19,2,Bradley University,Y
3.2,3.72,3.73,4,4,0.23,36,Brandeis University,Y
3.21,3.8,3.9,4,4,0.23,39,Brigham Young University,Y
3.05,3.8,3.84,4,4,0.2,52,Brown University,Y
3.1,3.72,3.76,3.94,4,0.23,15,Bryn Mawr College,Y
3.04,3.65,3.65,3.98,4,0.27,13,Bucknell University,Y
85.7,89.24,86.5,95.51,100,5.45,3,Cairo University,N
2.8,3.76,3.8,4.2,4,0.3,84,California Institute of Technology,Y
2.99,3.53,3.39,3.99,4,0.34,9,California Polytechnic State University,Y
3.11,3.69,3.81,3.95,4,0.32,6,"California State Polytechnic University, Pomona",Y
3.6,3.62,3.62,3.64,4,0.03,2,"California State University, Long Beach",Y
3.97,3.98,3.98,4,4,0.02,2,"California State University, Los Angeles",Y
3.26,3.43,3.31,3.73,4,0.26,3,"California State University, Northridge",Y
3.4,3.72,3.8,3.95,4,0.28,3,"California State University, Sacramento",Y
3.3,3.65,3.67,3.91,4,0.22,6,Calvin College,N
3.65,3.73,3.73,3.82,4,0.12,2,Canisius College,N
2.91,3.14,3.14,3.37,4,0.33,2,Capital Normal University,N
3.47,3.74,3.75,4,4,0.16,15,Carleton College,N
2.48,3.65,3.74,4.17,4,0.31,329,Carnegie Mellon University,Y
3.1,3.71,3.75,4,4,0.28,23,Case Western Reserve University,Y
85.24,88.2,88.22,91.6,100,2.49,6,Central China Normal University,N
3.42,3.67,3.69,3.87,4,0.19,6,Central South University,N
75,87.56,88,93.21,100,4.45,19,Central South University,N
3.58,3.78,3.85,3.91,4,0.18,3,Central University of Finance and Economics,N
82.6,89.21,89.88,94.97,100,3.03,15,Central University of Finance and Economics,N
3.04,3.63,3.62,4,4,0.38,5,Centre College,N
6.7,8.53,8.71,9.38,10,0.65,15,"Chaitanya Bharathi Institute of Technology, Hyderabad",N
2.87,3.21,3.21,3.55,4,0.48,2,Chang Gung University,N
3.68,3.75,3.75,3.82,4,0.1,2,Chapman University,N
7.03,8.62,9.05,9.74,10,1.08,5,Charotar University of Science and Technology,N
6.76,8.45,8.6,9.88,10,0.94,18,Chennai Mathematical Institute,N
3.3,3.67,3.73,3.95,4,0.19,13,China Agricultural University,N
3.35,3.65,3.65,3.85,4,0.18,9,China University of Geosciences,N
80,86.07,86.73,90.8,100,4.48,4,China University of Geosciences,N
3.35,3.61,3.6,3.88,4,0.27,3,China University of Mining and Technology,N
87.35,90.25,90.25,93.14,100,4.09,2,China University of Mining and Technology,N
3.17,3.44,3.44,3.7,4,0.37,2,China University of Petroleum,N
2.75,3.56,3.6,3.95,4,0.22,87,Chinese University of Hong Kong,N
2.71,3.63,3.69,3.87,4,0.25,22,"Chinese University of Hong Kong, Shenzhen",N
3.36,3.64,3.63,3.85,4,0.13,19,Chongqing University,N
87,88.47,88.85,89.2,100,1.02,4,Chongqing University,N
3.16,3.5,3.5,3.85,4,0.49,2,Chongqing University of Posts and Telecommunications,N
84.4,86.81,86.81,89.23,100,3.42,2,Chongqing University of Posts and Telecommunications,N
3.3,3.53,3.46,3.78,4,0.19,7,Christ University,N
3,3.5,3.5,3.99,4,0.7,2,Christopher Newport University,N
3.29,3.72,3.66,4,4,0.22,27,Chulalongkorn University,N
3.9,4.02,4.08,4.09,4,0.11,3,Chung Ang University,N
3.04,3.61,3.67,3.95,4,0.35,6,Chung-Ang University,N
2.6,3.76,3.85,4.13,4,0.34,37,City University of Hong Kong,N
3.7,3.91,3.95,4,4,0.12,5,City University of New York,N
81.3,84.4,84.4,87.5,100,4.38,2,Civil Aviation University of China,N
3.03,3.65,3.8,4,4,0.42,5,Clarkson University,N
3.66,3.94,3.99,4,4,0.12,8,Clemson University,Y
3.76,3.83,3.83,3.89,4,0.09,2,Cleveland State University,Y
71.9,76.5,76.5,81.1,100,6.51,2,"Cluster Innovation Centre, University of Delhi",N
3.91,3.96,3.96,4,4,0.06,2,Coastal Carolina University,Y
8.1,8.57,8.57,9.05,10,0.67,2,Cochin University of Science and Technology,N
70.77,76.04,75.78,82.6,100,4.27,7,Cochin University of Science and Technology,N
3.97,3.99,3.99,4,4,0.02,2,Coe College,N
8.05,8.86,8.93,9.54,10,0.66,4,Coimbatore Institute of Technology,N
3.38,3.86,3.87,4.09,4,0.19,11,Colby College,Y
3.02,3.63,3.6,4.01,4,0.28,12,Colgate University,Y
3.87,3.94,3.97,3.98,4,0.06,3,College of Charleston,Y
7.12,8.74,8.73,9.88,10,0.71,23,College of Engineering Pune,N
7.39,8.39,8.5,9.29,10,0.95,3,College of Engineering Trivandrum,N
74.39,76.93,78,78.4,100,2.21,3,College of Engineering Trivandrum,N
9.15,9.47,9.52,9.71,10,0.21,5,"College of Engineering, Guindy",N
2.91,3.76,3.8,3.97,4,0.24,21,College of William and Mary,N
3.37,3.63,3.6,3.96,4,0.29,4,College of the Holy Cross,Y
3,3.56,3.79,3.9,4,0.49,3,Colorado College,Y
3.75,3.88,3.88,4,4,0.18,2,Colorado Mesa University,Y
3.78,3.83,3.83,3.89,4,0.08,2,Colorado School of Mines,Y
3.32,3.8,3.86,3.98,4,0.19,10,Colorado State University,Y
3.01,3.73,3.75,4.22,4,0.26,79,Columbia University,Y
3.54,3.65,3.67,3.73,4,0.1,3,Communication University of China,N
86,91,87,100,100,7.81,3,Communication University of China,N
3.06,3.53,3.38,4.15,4,0.56,3,"Concordia University, Montreal",N
3.91,3.96,3.96,4,4,0.04,3,Connecticut College,Y
3.5,3.67,3.63,3.87,4,0.19,3,Cooper Union,Y
3.9,3.94,3.94,3.99,4,0.07,2,Cornell College,Y
2.76,3.76,3.8,4.3,4,0.3,147,Cornell University,Y
85.9,88.47,88.47,91.04,100,3.63,2,Costa Rica Institute of Technology,N
3.86,3.93,3.93,4,4,0.1,2,Creighton University,N
8.33,8.77,8.9,9.09,10,0.4,3,Cummins College of Engineering,N
61,65.55,65.55,70.1,100,6.43,2,Cummins College of Engineering,N
7.6,8.89,8.87,9.85,10,0.53,38,D J Sanghvi College of Engineering,N
61.48,66.51,66.44,74.4,100,4.71,7,D J Sanghvi College of Engineering,N
77.81,3338.91,3338.91,6600,100,4611.88,2,DAV Institute of Engineering and Technology,N
3.87,4.07,4.03,4.3,4,0.22,3,Dalhousie University,N
3,3.63,3.7,3.95,4,0.25,32,Dalian University of Technology,N
75.7,88.02,89.11,93.3,100,3.69,32,Dalian University of Technology,N
71,71.44,71.44,71.89,100,0.63,2,Damascus University,N
2.94,3.69,3.72,3.99,4,0.23,36,Dartmouth College,Y
3.54,3.85,3.94,4,4,0.2,5,Davidson College,Y
8.13,8.89,8.73,9.69,10,0.59,8,Dayananda Sagar College of Engineering,N
3.98,3.99,3.99,4,4,0.02,2,DePaul University,Y
3.57,3.75,3.73,3.98,4,0.15,5,DePauw University,N
8.08,8.43,8.46,8.7,10,0.32,4,Delft University of Technology,N
63,73.45,73.71,82.3,100,5.16,9,Delhi College of Engineering,N
1,2.46,2.46,3.93,4,2.07,2,Delhi Technological University,N
7.35,8.56,8.72,9.6,10,0.61,57,Delhi Technological University,N
60.33,76.3,76.46,85.5,100,5.48,46,Delhi Technological University,N
60,72.28,73.59,81.95,100,9.12,4,Delhi University,N
3.2,3.71,3.67,3.96,4,0.23,11,Denison University,N
67,76.54,76.21,83.86,100,5.74,7,"Devi Ahilya University, Indore",N
8.36,8.49,8.49,8.62,10,0.18,2,Devi Ahilya Vishwavidyalaya,N
2.2,2.58,2.6,3.07,4,0.36,5,Dhirubhai Ambani Institute of Information and Communication Technology,N
6.99,8.53,8.6,9.76,10,0.7,47,Dhirubhai Ambani Institute of Information and Communication Technology,N
3.2,3.65,3.77,3.98,4,0.4,3,Dickinson College,N
3,3.84,3.93,4.3,5,0.48,6,Dong Hua University,N
80,82.75,82.75,85.5,100,3.89,2,Dong Hua University,N
3.66,3.67,3.67,3.68,4,0.01,2,Dongbei University of Finance and Economics,N
90.82,91.44,91.17,92.33,100,0.79,3,Dongbei University of Finance and Economics,N
3.93,3.98,3.98,4.03,4,0.07,2,Dongguk University,N
3.81,3.9,3.95,3.95,4,0.08,3,Drake University,N
3.7,3.72,3.72,3.74,4,0.03,2,Drew University,Y
3.22,3.52,3.51,3.96,4,0.22,12,Drexel University,Y
3.61,3.83,3.86,3.94,4,0.11,11,Duke Kunshan University,N
2.6,3.72,3.82,4,4,0.27,71,Duke University,Y
3.54,3.66,3.59,3.99,4,0.19,5,Duquesne University,Y
8.75,9.42,9.55,9.92,10,0.38,10,Dwarkadas J. Sanghvi College of Engineering,N
5.2,5.53,5.54,5.85,10,0.27,4,ETH Zurich,N
2.9,3.7,3.8,4.3,4,0.41,14,"EWHA Womens University, Seoul, Korea",N
2.75,3.53,3.62,3.86,4,0.26,31,East China Normal University,N
3.34,3.58,3.54,4,4,0.22,12,East China University of Science and Technology,N
76.4,84.72,87,90.76,100,7.45,3,East China University of Science and Technology,N
3.83,4,3.99,4.23,4,0.13,15,Ecole Centrale Paris,N
4.9,4.93,4.93,4.95,6,0.04,2,Ecole Polytechnique Federale de Lausanne,N
5.34,5.69,5.55,6.64,10,0.43,8,Ecole Polytechnique Federale de Lausanne,N
3.59,3.81,3.79,4.09,4,0.14,15,"Ecole Polytechnique, Palaiseau",N
3.66,3.79,3.84,3.88,4,0.12,3,"Ecole Polytechnique, Paris",N
12,13.15,13.15,14.3,20,1.63,2,Ecole normale superieure de Paris,N
3.5,3.7,3.7,3.9,4,0.28,2,Embry-Riddle Aeronautical University,N
3.21,3.82,3.88,4,4,0.17,58,Emory University,Y
8.22,8.72,8.72,9.22,10,0.71,2,Escuela Superior Politecnica del Litoral,N
14,16.14,16,18,20,1.86,7,"Faculdade de Ciencias e Tecnologia da Universidade Nova de Lisboa, Portugal",N
15,17.26,18,19,20,1.69,5,Faculdade de Engenharia da Universidade do Porto,N
2.7,3.6,3.6,4.49,5,1.27,2,Federal University of Minas Gerais,N
14.4,15.51,15.51,16.62,20,1.57,2,Ferdowsi University of Mashhad,N
3.27,3.65,3.67,3.99,4,0.37,4,Florida Atlantic University,Y
3.44,3.78,3.77,4,4,0.21,6,Florida International University,Y
3.17,3.7,3.9,4,4,0.32,11,Florida State University,Y
3.02,3.68,3.8,3.97,4,0.3,10,Franklin W. Olin College of Engineering,Y
3.44,3.73,3.78,3.94,4,0.21,4,Franklin and Marshall College,Y
3.1,3.57,3.5,3.98,4,0.35,7,Fu Jen Catholic University,N
64,71.7,73.94,77.16,100,6.86,3,Fu Jen Catholic University,N
2.56,3.52,3.54,4,4,0.22,260,Fudan University,N
3.07,3.56,3.6,3.96,4,0.37,4,Furman University,N
69.12,75.12,75.17,81,100,5.39,4,G.Narayanamma Institute of Technology and Science,N
3.82,3.87,3.87,3.92,4,0.07,2,Gadjah Mada University,N
7.8,8.68,8.78,9.35,10,0.75,4,Gandhi Institute of Technology and Management,N
2.82,3.56,3.59,4,4,0.37,10,George Mason University,Y
3.13,3.71,3.75,3.97,4,0.25,11,George Washington University,Y
3.25,3.7,3.75,3.92,4,0.2,8,Georgetown University,Y
2.8,3.74,3.85,4,4,0.29,144,Georgia Institute of Technology,Y
3.86,4.03,4.03,4.2,4,0.24,2,Georgia State University,Y
2.54,2.9,2.91,3.25,4,0.36,3,Ghulam Ishaq Khan Institute of Engineering Sciences and Technology,N
7.6,8.67,8.88,9.54,10,0.73,6,Gitam University,N
3.14,3.26,3.21,3.42,4,0.15,3,Gonzaga University,N
3.88,3.94,3.94,4,4,0.08,2,Gordon College,N
3.91,3.97,4,4,4,0.05,3,Goshen College,N
7.23,7.75,7.71,8.3,10,0.54,3,"Government College of Engineering, Pune",N
8.03,8.64,8.74,9.06,10,0.45,4,Government College of Technology Coimbatore,N
3.85,3.91,3.91,3.96,4,0.08,2,Grand Valley State University,N
73.24,75.12,75.12,77,100,2.66,2,Graphic Era University,N
3.2,3.64,3.69,3.99,4,0.27,10,Grinnell College,N
2.64,3.65,3.81,3.99,4,0.46,11,Grove City College,N
3.48,3.69,3.63,4,4,0.23,4,Guangdong University of Foreign Studies,N
2.83,3.15,3.15,3.47,4,0.45,2,Guangdong University of Technology,N
3.48,3.76,3.76,4.05,5,0.4,2,Guangdong University of Technology,N
7.1,8.65,8.84,10,10,0.75,16,Gujarat Technological University,N
68.21,73.87,73.39,83.5,100,6.14,5,"Gujarat University, Ahmedabad",N
9.16,9.17,9.17,9.18,10,0.01,2,Guru Gobind Singh Indraprastha University,N
70.05,77.02,75.3,84.38,100,4.63,22,Guru Gobind Singh Indraprastha University,N
6.8,8.29,8.35,9.47,10,0.81,8,"Guru Gobind Singh Indraprastha University, Delhi",N
68.32,76.54,76.41,83.4,100,4.25,26,"Guru Gobind Singh Indraprastha University, Delhi",N
9.05,9.53,9.53,10,10,0.67,2,"Guru Nanak Dev University, Amritsar",N
3.65,3.75,3.72,3.89,4,0.12,3,Hainan University,N
3.6,3.76,3.76,3.92,4,0.23,2,Hamilton College,Y
3.41,3.77,3.77,4.12,4,0.5,2,Handong Global University,N
4.5,4.62,4.62,4.73,5,0.16,2,Hangzhou Dianzi University,N
3.01,3.38,3.4,3.81,4,0.3,5,Hanoi University of Science and Technology,N
7.96,8.24,8.24,8.53,10,0.4,2,Hanoi University of Science and Technology,N
78.45,82.78,82.78,87.1,100,6.12,2,Hansraj College University of Delhi,N
2.95,3.7,3.75,4.44,4,0.4,12,Hanyang University,N
3.3,3.37,3.37,3.43,4,0.09,2,Harbin Engineering University,N
85.6,89.35,90.07,93.14,100,2.95,6,Harbin Engineering University,N
3,3.49,3.48,3.85,4,0.23,28,Harbin Institute of Technology,N
73,86.71,87.44,94.45,100,4.26,86,Harbin Institute of Technology,N
3.25,3.55,3.55,3.86,4,0.43,2,Harding University,N
3.1,3.76,3.8,4,4,0.18,29,Harvard College,Y
3.29,3.79,3.8,4.83,4,0.24,45,Harvard University,Y
2.8,3.56,3.64,3.99,4,0.34,35,Harvey Mudd College,Y
3.23,3.75,3.83,3.95,4,0.22,10,Haverford College,Y
84.6,92.92,94.07,98.65,100,4.02,10,Hebrew University of Jerusalem,N
2.82,3.51,3.6,3.83,4,0.35,7,Hefei University of Technology,N
84.3,87.48,86,91.38,100,3.04,5,Hefei University of Technology,N
3.03,3.45,3.45,3.87,4,0.59,2,Hendrix College,N
3.72,3.8,3.8,3.88,4,0.11,2,Herbert H. Lehman College,N
3.31,3.62,3.62,3.94,4,0.45,2,High Point University,N
94.85,97.42,97.42,100,100,3.64,2,"Hindu College, University of Delhi, Delhi",N
8.13,8.25,8.25,8.37,10,0.17,2,Hindustan University,N
3.71,3.76,3.76,3.81,4,0.07,2,Hiram College,N
7.38,8.26,8.37,9.03,10,0.83,3,"Ho Chi Minh University of Technology, Vietnam",N
4,4.04,4.04,4.07,4,0.05,2,Hobart and William Smith Colleges,Y
2,2.88,3.08,3.55,4,0.79,3,Hofstra University,Y
4.53,4.64,4.64,4.76,5,0.16,2,Hohai University,N
3.72,3.74,3.74,3.76,4,0.03,2,"Hokkaido University, Japan",N
3.5,3.77,3.77,4.03,4,0.37,2,Hong Ik University,N
3.21,3.6,3.61,3.87,4,0.17,14,Hong Kong Baptist University,N
2.93,3.81,3.82,4.28,4,0.24,156,Hong Kong University of Science and Technology,N
9.5,10.4,10.38,11.74,10,0.72,10,Hong Kong University of Science and Technology,N
10.18,10.63,10.54,11.6,20,0.57,5,Hong Kong University of Science and Technology,N
3.56,3.77,3.82,3.93,4,0.16,6,Howard University,N
3,3.71,3.77,3.98,4,0.25,79,Huazhong University of Science and Technology,N
69,86.94,87.9,94,100,4.54,65,Huazhong University of Science and Technology,N
3.02,3.28,3.27,3.56,4,0.29,4,Hunan University,N
80,85.21,85.67,90.65,100,3,10,Hunan University,N
3.35,3.77,3.9,4,4,0.25,9,Hunter College,N
2.33,3.53,3.75,4,4,0.64,6,Illinois Institute of Technology,N
3.78,3.85,3.82,3.94,4,0.08,3,Illinois Wesleyan University,N
4.01,4.04,4.04,4.07,5,0.04,2,"Imam Muhammad Ibn Saud University in Riyadh,",N
69,73.56,72.23,78.8,100,3.97,8,Imperial College London,N
57.7,76.06,77.85,90.77,100,10.9,6,"Imperial College of Science, Technology and Medicine, London, UK",Y
8.22,9.22,9.28,9.63,10,0.43,9,"Indian Institute of Engineering Science and Technology, Shibpur",N
7.7,8.45,8.45,9.2,10,1.06,2,Indian Institute of Information Technology Design and Manufacturing Jabalpur,N
8.18,8.86,9.04,9.16,10,0.46,4,Indian Institute of Information Technology Design and Manufacturing Kancheepuram,N
8.9,9.3,9.3,9.71,10,0.57,2,"Indian Institute of Information Technology Design and Manufacturing, Kurnool",N
7.74,8.12,8.12,8.49,10,0.53,2,Indian Institute of Information Technology Vadodara,N
7.64,8.41,8.29,9.04,10,0.49,8,Indian Institute of Information Technology and Management,N
7.95,8.88,8.86,9.88,10,0.43,44,"Indian Institute of Information Technology, Allahabad",N
8,8.74,8.91,9.05,10,0.41,6,"Indian Institute of Information Technology, Design and Manufacturing",N
8.48,9.06,9.19,9.45,10,0.4,5,"Indian Institute of Information Technology, Guwahati",N
7.05,8.48,8.75,9.52,10,0.85,8,"Indian Institute of Information Technology, Sri City",N
6.1,6.97,7,7.65,8,0.57,5,Indian Institute of Science,N
7.22,8.04,8.08,8.79,10,0.85,4,Indian Institute of Space Science and Technology,N
7.72,8.97,9.02,9.66,10,0.68,6,Indian Institute of Technology,N
8.2,9,9.08,9.77,10,0.47,27,"Indian Institute of Technology (BHU), Varanasi",N
7.63,8.25,8.39,8.53,10,0.35,6,Indian Institute of Technology (Indian School of Mines) Dhanbad,N
6.52,8.49,8.5,9.82,10,0.79,60,Indian Institute of Technology Delhi,N
7.27,8.82,8.95,9.92,10,0.88,6,Indian Institute of Technology Dhārwād,N
7.8,8.33,8.17,9.04,10,0.52,10,Indian Institute of Technology Gandhinagar,N
9.48,9.71,9.71,9.93,10,0.32,2,Indian Institute of Technology Goa,N
7.63,8.69,8.86,9.79,10,0.71,22,Indian Institute of Technology Indore,N
7.14,8.19,8.03,9.55,10,1.01,4,Indian Institute of Technology Jodhpur,N
7.04,8.59,8.72,9.75,10,0.7,72,Indian Institute of Technology Madras,N
7.25,8.5,8.49,9.51,10,0.59,16,Indian Institute of Technology Mandi,N
7.4,8.54,8.79,9.32,10,0.69,6,Indian Institute of Technology Palakkad,N
7.25,8.8,8.93,9.79,10,0.72,14,Indian Institute of Technology Patna,N
6.16,8.58,8.72,9.9,10,1.02,23,Indian Institute of Technology Roorkee,N
8.33,9.06,9.07,9.75,10,0.61,4,Indian Institute of Technology Tirupati,N
7.12,8.5,8.51,9.38,10,0.53,17,"Indian Institute of Technology(Indian School of Mines), Dhanbad",N
6.86,8.46,8.56,9.53,10,0.78,29,"Indian Institute of Technology, Banaras Hindu University",N
7.46,8.82,9.1,9.72,10,0.78,8,"Indian Institute of Technology, Bhubaneswar",N
5.87,8.9,9.13,10,10,0.84,197,"Indian Institute of Technology, Bombay",N
6.15,8.68,8.82,9.87,10,0.81,134,"Indian Institute of Technology, Guwahati",N
6.66,8.74,8.9,9.74,10,0.74,23,"Indian Institute of Technology, Hyderabad",N
5.8,8.87,9.1,10,10,0.83,166,"Indian Institute of Technology, Kanpur",N
6.25,8.72,8.82,10,10,0.79,190,"Indian Institute of Technology, Kharagpur",N
6.62,8.83,9,9.92,10,0.75,88,"Indian Institute of Technology, Madras",N
6.75,8.95,9.03,9.76,10,0.76,17,"Indian Institute of Technology, Mumbai",N
5.78,8.67,8.82,9.93,10,0.82,85,"Indian Institute of Technology, New Delhi",N
5.84,8.49,8.7,10,10,0.85,72,"Indian Institute of Technology, Roorkee",N
6.75,8.53,8.53,9.51,10,0.76,13,"Indian Institute of Technology, Ropar",N
6.73,7.9,7.75,9.37,10,1.1,4,"Indian School of Mines, Dhanbad",N
62.2,71,71.1,79.6,100,9.65,4,Indian Statistical Institute,N
3.12,3.66,3.7,4,4,0.32,6,Indiana University,Y
3.4,3.48,3.48,3.57,4,0.12,2,Indiana University of Pennsylvania,Y
3.1,3.78,3.83,4,4,0.23,25,"Indiana University, Bloomington",Y
73.7,78.42,77.79,83.59,100,3.91,8,Indira Gandhi Delhi Technical University for Women,N
7.08,8.82,8.93,9.91,10,0.65,59,"Indraprastha Institute of Information Technology, Delhi",N
3.09,3.45,3.36,3.84,4,0.26,9,Institut Teknologi Bandung,N
3.14,3.52,3.62,3.69,4,0.26,4,"Institute of Business Administration, Karachi",N
8.63,9.12,9.12,9.61,10,0.69,2,Institute of Technical Education and Research,N
7.96,8.5,8.45,9.07,10,0.5,5,"Institute of Technology, Banaras Hindu University",N
7.32,8.44,8.31,10,10,0.68,33,"Institute of Technology, Nirma University",N
13.4,16.42,16.5,19,20,1.57,18,"Instituto Superior Tecnico, Portugal",N
15,16.87,16.73,19,20,1.94,4,Instituto Superior Técnico,N
9.04,9.07,9.07,9.11,10,0.05,2,Instituto Tecnolgico Autnomo de Mexico,N
9,9.36,9.36,9.73,10,0.3,4,Instituto Tecnologico Autonomo de Mexico,N
8.5,8.83,9,9,10,0.29,3,Instituto Tecnologico de Aeronautica,N
91,91.5,91.5,92,100,0.71,2,Instituto Tecnologico y de Estudios Superiores de Monterrey,N
3.61,3.75,3.75,3.88,4,0.19,2,International Information Technologies University,N
7.17,8.26,8.23,9.37,10,0.61,29,International Institute of Information Technology,N
3.17,3.53,3.56,3.91,4,0.2,12,International Institute of Information Technology - Bangalore,N
7.93,8.24,8.22,8.57,10,0.31,4,"International Institute of Information Technology, Bhubaneswar",N
6.46,8.31,8.32,10,10,0.82,90,"International Institute of Information Technology, Hyderabad",N
2.73,3.61,3.7,3.96,4,0.35,15,Iowa State University,Y
13.1,15.83,15.7,19.12,20,1.85,11,Iran University of Science and Technology,N
14.64,16.87,17.44,18.32,20,1.62,7,Isfahan University of Technology,N
2.96,3.48,3.48,4,4,0.74,2,Islamic Azad University,N
13.76,16.41,17.09,18.88,20,2.13,7,Islamic Azad University,N
3.51,3.73,3.71,4,4,0.2,4,Istanbul Technical University,N
3.57,3.72,3.72,3.88,4,0.22,2,Ithaca College,N
61.28,69.34,69.34,77.4,100,11.4,2,"JSS Academy of Technical Education, Noida",N
1.28,2.07,1.47,4,4,1.13,6,Jacobs University,N
1.7,1.81,1.82,1.9,-6,0.1,4,Jacobs University Bremen,N
3.38,3.44,3.44,3.5,4,0.08,2,Jadavpur University,N
7.18,8.73,8.8,9.55,10,0.57,33,Jadavpur University,N
3.56,3.78,3.78,4,4,0.18,4,James Madison University,N
8.35,9.26,9.33,9.73,10,0.45,7,Jamia Millia Islamia,N
7.35,8.71,8.5,10,10,0.96,9,Jawaharlal Nehru Technological University,N
60.91,74.48,73.97,100,100,8.02,32,Jawaharlal Nehru Technological University,N
6,8.1,8.2,9.3,10,0.85,21,Jaypee Institute of Information Technology,N
81,81.5,81.5,82,100,0.71,2,Jaypee Institute of Information Technology,N
7,8.2,8.2,9.4,10,1.2,3,"Jaypee University of Information Technology, Solan",N
3.59,3.76,3.78,3.92,4,0.17,3,Jiao Tong University of Shanghai,N
85,87.1,87.1,89.2,100,2.97,2,Jiao Tong University of Shanghai,N
3.3,3.75,3.81,4,4,0.18,29,Jilin University,N
79.08,86.11,86.59,91.2,100,3.16,20,Jilin University,N
3.37,3.59,3.59,3.81,5,0.31,2,Jinan University,N
2.6,3.69,3.79,3.99,4,0.29,46,Johns Hopkins University,Y
77.8,81.1,81.1,84.4,100,4.67,2,Jordan University of Science and Technology,N
2.8,3.45,3.57,3.86,4,0.47,4,Juniata College,N
7.24,7.74,7.74,8.24,10,0.71,2,K L University,N
7.12,8.38,8.4,9.55,10,0.78,6,K. J. Somaiya College of Engineering,N
5.64,7.79,8.67,9.05,10,1.87,3,K. J. Somaiya Engineering College,N
62.44,68.05,68.42,72.9,100,4.32,4,K. J. Somaiya Engineering College,N
14.3,15.61,15.61,16.92,20,1.85,2,K.N.Toosi University of Technology,N
75.72,79.36,79.36,83,100,5.15,2,Kakatiya University,N
7.48,8.74,8.9,9.74,10,0.65,16,Kalinga Institute of Industrial Technology,N
3.84,3.87,3.87,3.89,4,0.03,2,Kansas State University,Y
1,2.03,1.3,3.8,4,1.54,3,"Karlsruhe Institute of Technology, Germany",N
1.2,1.65,1.65,2.1,5,0.64,2,"Karlsruhe Institute of Technology, Germany",N
1.4,1.73,1.6,2.4,-6,0.33,7,"Karlsruhe Institute of Technology, Germany",N
7.72,8.72,8.59,10,10,0.99,4,Karunya Institute of Technology,N
2.49,3.57,3.91,3.97,4,0.72,4,Kasetsart University,N
68.64,72.71,72.71,76.78,100,5.76,2,Katholieke Universiteit Leuven,N
3.54,3.79,3.85,3.91,4,0.17,4,Kean University,N
2.96,3.3,3.14,3.96,4,0.47,4,Keio University,N
3.71,3.85,3.85,4,4,0.21,2,Kennesaw State University,N
3.43,3.77,3.92,3.96,4,0.29,3,Kent State University,N
68.5,70.22,70.22,71.95,100,2.44,2,Kerala University,N
3.69,3.81,3.82,3.93,4,0.11,4,Kettering University,N
14.49,15.67,16.06,16.46,20,1.04,3,Khajeh Nasir University,N
3.42,4.29,4.47,4.97,5,0.79,3,King Abdul Aziz University,N
2.57,3.4,3.39,3.97,4,0.39,12,King Fahd University of Petroleum and Minerals,N
4.52,4.68,4.68,4.84,5,0.23,2,King Fiasal University,N
2.82,4.57,4.77,5,5,0.54,27,King Saud University,N
3.25,3.59,3.59,3.93,4,0.34,3,Knox College,N
3.28,3.81,3.84,4.03,4,0.26,7,KonKuk University,N
3,3.76,3.83,4.19,4,0.29,61,Korea Advanced Institute of Science and Technology,N
3,3.87,3.92,4.4,4,0.4,20,Korea University,N
2.97,3.64,3.57,4.14,4,0.39,12,Koç University,N
3.4,3.83,3.88,4.14,4,0.32,4,"Koç University, Istanbul, Turkey",N
8.78,8.83,8.83,8.88,10,0.07,2,Kumaraguru College of Technology,N
8.33,8.54,8.54,8.75,10,0.3,2,"Kurukshetra University, REC Kurukshetra",N
2.85,3.6,3.9,3.97,4,0.44,7,Kuwait University,N
64.88,69.77,66.68,77.76,100,6.97,3,Kwame Nkrumah University of Science and Technology,N
3.82,4.12,4.12,4.43,4,0.43,2,Kwangwoon University,N
3.7,3.87,3.87,4.03,4,0.23,2,Kyungpook National University,N
8.33,8.34,8.34,8.36,10,0.02,2,L.D. College of Engineering,N
77,82.33,82.33,87.66,100,7.54,2,L.D. College of Engineering,N
7.19,7.71,7.71,8.23,10,0.74,2,LDRP Institute of Technology and Research,N
2.76,3.48,3.77,3.9,4,0.62,3,La Salle University,Y
3.27,3.75,3.8,3.94,4,0.24,6,Lafayette College,Y
3.12,3.62,3.68,3.98,4,0.26,16,"Lahore University of Management Sciences, Pakistan",N
3.54,3.59,3.59,3.64,4,0.07,2,Lake Forest College,Y
4.5,4.55,4.55,4.61,5,0.08,2,Lanzhou University,N
9.27,9.63,9.63,10,10,0.52,2,Laurentian University,N
3.41,3.62,3.62,3.84,4,0.3,2,Lebanese American University,N
3.16,3.67,3.71,4,4,0.23,22,Lehigh University,Y
3.47,3.57,3.57,3.66,4,0.13,2,Liaoning Technical University,N
89.61,89.66,89.66,89.7,100,0.06,2,Liaoning University,N
3.36,3.59,3.59,3.82,4,0.33,2,Linfield College,N
3.86,3.94,3.95,4,4,0.07,3,Louisiana State University,Y
3.96,3.98,3.98,4,4,0.03,2,Louisiana Tech University,Y
7.16,7.25,7.25,7.34,10,0.13,2,Lovely Professional University,N
3.21,3.5,3.4,3.99,4,0.34,4,Loyola Marymount University,N
3.81,3.91,3.91,4,4,0.13,2,Lycee Louis-le-Grand,N
3.83,3.94,3.95,4,4,0.06,6,Lycee Sainte Genevieve,N
8.31,9.11,9.17,9.5,10,0.35,17,M S Ramaiah Institute of Technology,N
8.78,9.19,9.17,9.73,10,0.25,11,"M S Ramiah Institute of Technology, Bangalore",N
9.21,9.33,9.31,9.5,10,0.12,4,MIT World Peace University,N
3.27,3.66,3.79,3.93,4,0.27,12,Macalester College,N
3.05,3.51,3.51,3.97,4,0.65,2,Macau University Of Science and Technology,N
7.67,9.07,9.1,9.81,10,0.64,12,"Madras Institute of Technology, Anna University",N
7.93,8.66,8.75,9.22,10,0.58,4,Maharaja Agrasen Institute of Technology,N
69.97,75.58,75.58,81.19,100,7.93,2,Maharaja Agrasen Institute of Technology,N
3,3.72,3.85,4,4,0.38,6,Maharaja Sayajirao University of Baroda,N
63,67.06,65.2,77.06,100,5.16,6,Maharashtra Institute of Technology,N
8.12,9.45,9.74,9.89,10,0.74,5,Maharashtra Institute of Technology - World Peace University,N
71.87,75.94,77,78.96,100,3.66,3,Maharshi Dayanand University,N
8.4,9.09,9.23,9.64,10,0.63,3,Mahindra École Centrale,N
6.24,8.52,8.66,9.78,10,0.85,14,Malaviya National Institute of Technology Jaipur,N
5.9,8.52,8.54,9.92,10,0.78,191,Manipal Institute of Technology,N
7.97,8.38,8.25,9.44,10,0.54,6,Manipal University,N
7.78,8.56,8.62,9.44,10,0.51,17,Manipal University Jaipur,N
6.96,7.31,7.31,7.66,10,0.49,2,"Manipal University, Karnataka",N
3.73,3.9,3.96,4,4,0.15,3,Marist College,N
3.08,3.43,3.33,3.95,4,0.42,4,Marquette University,N
3.4,3.58,3.58,3.77,4,0.26,2,Mary Washington College,Y
3.3,4.7,4.8,5,5,0.33,153,Massachusetts Institute of Technology,Y
8.98,9.21,9.21,9.44,10,0.33,2,"Maulana Abul Kalam Azad University of Technology, West Bengal",N
7.67,8.61,8.48,10,10,0.73,9,Maulana Azad National Institute of Technology,N
2.6,3.8,3.88,4,4,0.25,58,McGill University,N
3.84,3.86,3.86,3.88,4,0.03,2,Messiah College,N
2.27,3.41,3.52,3.84,4,0.53,7,Miami University,Y
3.07,3.78,3.87,4,4,0.23,28,Michigan State University,Y
3.72,3.86,3.9,4,4,0.11,7,Michigan Technological University,Y
2.38,3.55,3.79,4,4,0.56,17,Middle East Technical University,N
3.28,3.58,3.56,3.91,4,0.31,3,Middle Tennessee State University,N
3.74,3.85,3.84,3.99,4,0.1,8,Middlebury College,N
3.6,3.79,3.79,3.99,4,0.28,2,Millersville University of Pennsylvania,N
3.65,3.8,3.75,4,4,0.18,3,Milwaukee School of Engineering,Y
3.5,3.69,3.69,3.87,4,0.26,2,Mines ParisTech,N
3.97,3.99,3.99,4,4,0.02,2,Mississippi State University,Y
3.58,4.03,3.89,4.78,4,0.52,4,Missouri University of Science and Technology,Y
5.35,7.15,6.7,9.86,10,1.96,4,Mody Institute of Technology and Science,N
2.52,3.51,3.86,4,4,0.66,6,Monash University,N
3.97,3.99,3.99,4,4,0.02,2,Montana State University,Y
3.32,3.53,3.39,3.88,4,0.31,3,Morehouse College,N
4.29,4.76,4.88,5,5,0.33,4,Moscow Institute of Physics and Technology,N
8.88,9.09,9.09,9.3,10,0.3,2,Moscow Institute of Physics and Technology,N
4.21,4.54,4.54,4.87,5,0.47,2,Moscow State Bauman Technical University,N
4.31,4.8,4.77,5,5,0.22,9,Moscow State University,N
4.98,4.99,4.99,5,5,0.01,2,"Moscow State University in Tashkent, Uzbekistan",N
6.67,8.32,8.36,9.56,10,0.75,26,"Motilal Nehru National Institute of Technology, Allahabad",N
3.3,3.82,3.86,4,4,0.19,15,Mount Holyoke College,N
3.03,3.31,3.27,3.72,4,0.23,12,Mukesh Patel School of Technology Management and Engineering,N
72.29,73.19,73.19,74.08,100,1.27,2,Mukesh Patel School of Technology Management and Engineering,N
7.22,8.5,8.45,9.74,10,0.72,25,Mumbai University,N
59,65.84,67.21,75.92,100,5.24,17,Mumbai University,N
2.77,3.32,3.32,3.87,4,0.77,2,NED University of Engineering and Technology,N
7.91,8.31,8.14,9.07,10,0.42,8,NIIT University,N
3.51,3.72,3.75,3.9,4,0.2,3,NYU Shanghai,N
62.64,68.77,68,75.68,100,6.55,3,Nagpur University,N
3.31,3.87,4.14,4.17,4,0.49,3,Nanjing Agricultural University,N
3.09,3.17,3.17,3.25,4,0.11,2,Nanjing Normal University,N
3.2,3.73,3.75,4.43,4,0.33,18,Nanjing University,N
3.35,4.39,4.41,4.72,5,0.18,139,Nanjing University,N
5,85.64,87.9,93,100,13.74,38,Nanjing University,N
3.56,3.63,3.63,3.7,4,0.1,2,Nanjing University of Aeronautics and Astronautics,N
3.7,3.9,3.85,4.2,5,0.18,6,Nanjing University of Aeronautics and Astronautics,N
81.2,87.09,87.4,91.5,100,3.2,7,Nanjing University of Aeronautics and Astronautics,N
3.35,3.55,3.65,3.65,4,0.17,3,Nanjing University of Posts and Telecommunications,N
2.66,4.11,4.13,5,5,0.62,12,Nanjing University of Posts and Telecommunications,N
85.5,89.38,89.7,93.11,100,3.15,5,Nanjing University of Posts and Telecommunications,N
3.2,3.49,3.46,3.8,4,0.2,10,Nanjing University of Science and Technology,N
85.12,87.06,87.06,89,100,2.74,2,Nanjing University of Science and Technology,N
3.82,3.83,3.83,3.85,4,0.02,2,Nanjing University of Technology,N
90,91,91,92,100,1.41,2,Nanjing University of Technology,N
3.15,3.65,3.66,4,4,0.23,29,Nankai University,N
73.9,87.77,88.02,92.6,100,3.44,48,Nankai University,N
3.51,3.62,3.62,3.72,4,0.15,2,Nanyang Technological University,N
3.88,4.61,4.67,4.96,5,0.28,68,Nanyang Technological University,N
2.97,3.37,3.36,3.95,4,0.27,14,Narsee Monjee Institute of Management Studies,N
67.32,74.25,74.47,80.96,100,6.82,3,Narsee Monjee Institute of Management Studies,N
2.48,3.41,3.47,4.25,4,0.55,15,"National Central University, Taiwan",N
70.87,82.28,84.67,88.93,100,7.97,4,"National Central University, Taiwan",N
2.54,3.5,3.5,4,4,0.36,27,National Cheng Kung University,N
69,82.12,83.11,88.86,100,6.82,8,National Cheng Kung University,N
2.33,3.58,3.65,3.98,4,0.4,19,National Chengchi University,N
77.26,84.89,84.28,93.14,100,7.96,3,National Chengchi University,N
2.59,3.81,3.9,4.3,4,0.34,73,National Chiao Tung University,N
71,84.12,84.37,94.79,100,6.46,24,National Chiao Tung University,N
3.65,3.72,3.72,3.79,4,0.1,2,National Chung Cheng University,N
4,4.25,4.25,4.49,5,0.35,2,National Chung Cheng University,N
2.66,3.17,3.17,3.68,4,0.72,2,National Dong Hwa University,N
12.23,12.48,12.48,12.72,20,0.35,2,National Institute of Applied Sciences and Technology,N
9.08,9.4,9.4,9.72,10,0.45,2,National Institute of Engineering,N
6.98,8.24,7.85,10,10,0.99,7,National Institute of Technology,N
8.06,8.66,8.64,9.28,10,0.51,4,National Institute of Technology Goa,N
5.9,8.74,8.81,10,10,0.72,201,"National Institute of Technology Karnataka, Surathkal",N
7.44,8.93,9.15,9.89,10,0.73,15,National Institute of Technology Kurukshetra,N
8.05,8.52,8.38,8.99,10,0.42,5,National Institute of Technology Silchar,N
7.46,8.62,8.64,9.49,10,0.79,10,National Institute of Technology Tiruchirappalli,N
7.08,8.48,8.44,10,10,0.75,34,"National Institute of Technology, Calicut",N
7.79,8.7,8.88,9.53,10,0.52,9,"National Institute of Technology, Durgapur",N
7.38,8.29,8.24,9.12,10,0.53,9,"National Institute of Technology, Hamirpur",N
6.25,7.87,8.17,8.88,10,1.17,4,"National Institute of Technology, Jalandhar",N
8.9,8.95,8.95,8.99,10,0.06,2,"National Institute of Technology, Jamshedpur",N
9.23,9.46,9.46,9.69,10,0.33,2,"National Institute of Technology, Mizoram",N
8.77,8.84,8.84,8.9,10,0.09,2,"National Institute of Technology, Patna",N
8.93,9.11,9.08,9.35,10,0.15,5,"National Institute of Technology, Raipur",N
7.59,8.25,8.16,9.06,10,0.61,4,"National Institute of Technology, Raipur",N
7.11,8.54,8.52,10,10,0.7,16,"National Institute of Technology, Rourkela",N
7.76,8.66,8.58,9.63,10,0.94,3,"National Institute of Technology, Srinagar",N
7.35,8.58,8.73,9.91,10,0.66,60,"National Institute of Technology, Trichy",N
6.27,8.35,8.29,10,10,0.84,23,"National Institute of Technology, Warangal",N
4.57,4.6,4.6,4.62,5,0.04,2,National Research University - Higher School of Economics,N
7.59,8.34,8.53,8.9,10,0.68,3,National Research University - Higher School of Economics,N
3.11,3.63,3.58,3.94,4,0.26,8,National Sun Yat-Sen University,N
3.38,3.44,3.4,3.53,4,0.08,3,National Taipei University,N
3.54,3.73,3.78,3.88,4,0.17,3,National Taipei University of Technology,N
2.93,3.63,3.68,3.96,4,0.35,8,National Taiwan Normal University,N
77.77,79.9,79.9,82.03,100,3.01,2,National Taiwan Normal University,N
3,3.37,3.37,3.74,4,0.52,2,National Taiwan Ocean Unversity,N
2.64,3.81,3.86,4.3,4,0.3,342,National Taiwan University,N
68,85.94,86.61,95.01,100,5.44,83,National Taiwan University,N
3.28,3.72,3.78,4,4,0.25,7,National Taiwan University of Science and Technology,N
3.88,3.94,3.94,4,4,0.08,2,National Taras Shevchenko of Kyiv,N
7.14,9.1,9.2,9.91,10,0.58,59,National Technical University of Athens,N
2.48,3.82,3.89,4.21,4,0.31,55,National Tsing Hua University,N
67.5,82.45,81,95.09,100,8.63,17,National Tsing Hua University,N
2.81,3.52,3.51,3.9,4,0.35,8,"National University of Computer and Emerging Sciences, Pakistan",N
85.1,87.54,88.61,88.9,100,2.12,3,National University of Defense Technology,N
3.36,3.64,3.61,3.93,4,0.18,14,"National University of Science and Technology, Pakistan",N
2.54,4.45,4.57,5,5,0.42,114,National University of Singapore,N
7.54,7.81,7.81,8.09,10,0.39,2,Navrachana University,N
3.55,3.65,3.56,3.83,4,0.16,3,Nazarbayev University,N
7.3,8.32,8.48,9.2,10,0.54,21,Netaji Subhas Institute of Technology,N
62.8,74.73,74.8,85.78,100,4.89,73,Netaji Subhas Institute of Technology,N
3.72,3.79,3.79,3.86,4,0.1,2,New York Institute of Technology,N
2.96,3.73,3.78,4.1,4,0.22,156,New York University,Y
3.35,3.78,3.81,3.95,4,0.12,45,New York University Shanghai,N
3.74,4.18,4.18,4.61,5,0.62,2,Nigerian Undergraduate Institution,N
6.99,8.16,8.34,8.68,10,0.69,5,Nirma University of Science and Technology,N
9.01,9.37,9.37,9.73,10,0.51,2,"Nitte Meenakshi Institute of Technology, Bangalore",N
2.71,3.74,3.95,4,4,0.38,16,North Carolina State University,Y
3.71,3.71,3.71,3.72,4,0.01,2,North China Electric Power University,N
83.3,88.74,89.45,92.17,100,3.01,6,North China Electric Power University,N
74.92,81.46,81.46,88,100,9.25,2,North China University of Technology,N
3.16,3.59,3.67,3.85,4,0.31,4,North South University,N
84.5,89.49,90.61,93.35,100,4.53,3,Northeast Forestry University,N
86.27,86.67,86.67,87.07,100,0.57,2,Northeast Normal University,N
3.1,3.73,3.78,4,4,0.21,42,Northeastern University,Y
3.75,3.86,3.86,3.97,5,0.16,2,Northeastern University,Y
81,87.3,87,91.1,100,3.1,11,Northeastern University,Y
3.72,3.85,3.88,3.96,4,0.12,3,"Northeastern University, China",N
2.82,3.78,3.9,4.34,5,0.45,12,"Northeastern University, China",N
87.1,89.94,89.8,92.57,100,2,5,"Northeastern University, China",N
3.6,3.69,3.69,3.78,4,0.13,2,Northern Arizona University,N
3.04,3.12,3.12,3.2,4,0.11,2,Northwest University,N
90.89,91.03,91.03,91.18,100,0.21,2,Northwestern Polytechnic University,Y
3.14,3.53,3.55,3.89,4,0.27,6,Northwestern Polytechnical University,Y
84.06,87.88,87.8,91.47,100,2.38,11,Northwestern Polytechnical University,Y
3.2,3.73,3.83,3.99,4,0.22,43,Northwestern University,Y
3.41,3.55,3.55,3.69,4,0.2,2,Oakland University,Y
3.57,4.25,4.17,5,5,0.72,3,Obafemi Awolowo University,N
3.22,3.73,3.78,4.05,4,0.22,25,Oberlin College,Y
3.44,3.75,3.8,3.92,4,0.19,6,Occidental College,N
84,85.97,85,88.9,100,2.59,3,"Ocean University of Qingdao, China",N
3.05,3.43,3.43,3.82,4,0.54,2,Ohio Northern University,Y
2.78,3.78,3.87,3.99,4,0.22,68,Ohio State University,Y
3.45,3.77,3.83,4,4,0.24,5,Ohio University,Y
3.3,3.8,3.87,3.99,4,0.22,11,Oregon State University,Y
3.5,3.52,3.52,3.55,4,0.04,2,Osmania University,N
8,8.46,8.38,9.09,10,0.47,4,Osmania University,N
70.3,85.95,84,100,100,9.68,9,Osmania University,N
59.2,65.35,65.35,71.5,100,8.7,2,Oxford University,Y
7.12,8.42,8.61,9.03,10,0.75,5,PEC University of Technology,N
7.37,9.16,9.25,10,10,0.56,103,"PES Institute of Technology, Bangalore",N
63,73.27,74.12,81,100,5.92,6,"PES Institute of Technology, Bangalore",N
6.99,9.06,9.16,10,10,0.61,111,PES University,N
6.31,8.67,8.69,9.81,10,0.72,29,PSG College of Technology,N
3.9,3.94,3.94,3.98,4,0.06,2,Pace University,N
8.6,9.38,9.31,9.89,10,0.54,5,Pandit Deendayal Petroleum University,N
6.46,8.17,8.28,9.27,10,0.86,8,Panjab University,N
67.06,75.5,77.02,80.89,100,6.1,4,Panjab University,N
2.88,2.9,2.9,2.91,4,0.02,2,"Payame Nur University, Iran",N
2.64,3.56,3.6,3.98,4,0.21,500,Peking University,N
75,85.15,85.9,91.35,100,3.67,57,Peking University,N
3.35,3.78,3.81,4,4,0.19,13,Pennsylvania State University,Y
2.6,3.69,3.76,4,4,0.28,55,"Pennsylvania State University, University Park",Y
7.2,8.57,8.52,9.54,10,0.8,11,People's Education Society Institute of Technology,N
77.57,78.87,78.05,81.8,100,1.97,4,People's Education Society Institute of Technology,N
3.36,3.73,3.74,4.25,4,0.26,13,Pohang University of Science and Technology,N
7.27,8.86,9.21,9.74,10,1.09,4,Politehnica University Bucharest,N
8.96,9.5,9.55,9.98,10,0.51,3,Politehnica University of Timisoara,N
3.39,3.79,3.93,4,4,0.25,5,Polytechnic University,Y
3.83,3.87,3.87,3.91,4,0.06,2,"Polytechnic University, Brooklyn",Y
3.3,3.73,3.78,3.98,4,0.21,10,Pomona College,N
11.55,11.6,11.6,11.64,20,0.06,2,Pomona College,N
8.19,8.51,8.51,8.83,10,0.45,2,"Pompeu Fabra University, Barcelona",N
15.05,16.23,16.45,16.98,20,0.91,4,Pontificia Universidad Catolica del Peru,N
3.52,3.79,3.87,3.91,4,0.18,4,Portland State University,N
87.7,87.72,87.73,87.73,100,0.02,3,Princess Nora Bint Abdul Rahman University,N
2.65,3.66,3.7,4,4,0.28,98,Princeton University,Y
3.71,3.77,3.77,3.83,4,0.08,2,Providence College,N
3.25,3.63,3.65,3.94,4,0.18,23,Pune Institute of Computer Technology,N
7.65,9.13,9.21,9.9,10,0.57,20,Pune Institute of Computer Technology,N
63.3,71.88,71.67,78.5,100,4.88,8,Pune Institute of Computer Technology,N
3.11,3.64,3.71,3.9,4,0.29,6,Pune University,N
7,8.49,8.99,9.47,10,1.31,3,Pune University,N
60.91,67.1,67.44,72.61,100,6.07,4,Pune University,N
6.61,8.61,8.76,9.65,10,1.01,9,Punjab Engineering College,N
70,79.81,84.16,85.26,100,8.51,3,Punjab Technical University,N
8.58,8.73,8.73,8.89,10,0.22,2,Punjabi University,N
75.04,77.77,77.77,80.5,100,3.86,2,Punjabi University,N
3.39,3.8,3.87,4,4,0.2,21,Purdue University,N
2.94,3.7,3.81,4,4,0.28,76,"Purdue University, West Lafayette",N
3.36,3.68,3.68,4,4,0.45,2,Qingdao University,N
3.2,3.4,3.4,3.6,4,0.28,2,"Queen Mary, University of London",N
2.73,3.5,3.53,4.19,4,0.61,4,Queen's University,N
7.83,9,9.13,9.63,10,0.54,12,R.V. College of Engineering,N
7.95,9.1,9.16,9.84,10,0.48,62,"R.V. College of Engineering, India",N
75,78.56,78.48,82.3,100,3.35,4,"R.V. College of Engineering, India",N
1.3,1.35,1.35,1.4,-6,0.07,2,RWTH Aachen University,N
2.85,3.28,3.28,3.7,4,0.6,2,Rajasthan Technical University,N
73,77.16,74.01,84.47,100,6.35,3,Rajasthan Technical University,N
80.7,80.85,80.85,81,100,0.21,2,Rajasthan University,N
7.58,8.08,8.13,8.52,10,0.47,3,"Rajeev Gandhi Prodyogiki Mahavidyalaya, Bhopal",N
6.4,7.7,7.77,8.56,10,0.65,14,Rajiv Gandhi Proudyogiki Vishwavidyalaya,N
69.88,74.9,74.52,80.7,100,4.45,4,Rajiv Gandhi Proudyogiki Vishwavidyalaya,N
75.6,78.94,78.94,82.28,100,4.72,2,Rajiv Gandhi Technical University,N
8.61,8.98,8.9,9.45,10,0.29,7,"Ramaiah Institute of Technology, Bangalore",N
6.59,8.6,8.68,9.72,10,0.89,10,Rashtreeya Vidyalaya College of Engineering,N
80.16,80.58,80.58,81,100,0.59,2,Rashtreeya Vidyalaya College of Engineering,N
3.03,3.5,3.56,3.8,4,0.21,11,Reed College,Y
3.03,3.62,3.66,3.94,4,0.19,59,Renmin University of China,N
3.11,3.78,3.86,4,4,0.23,67,Rensselaer Polytechnic Institute,N
3.17,3.78,3.79,4,4,0.21,25,"Rensselaer Polytechnics Institute, Troy",N
8.53,9.35,9.51,9.77,10,0.49,6,Reykjavik University,N
3.4,3.74,3.76,3.99,4,0.24,6,Rhodes College,N
3.02,3.81,3.84,4.21,4,0.23,53,Rice University,Y
3.58,3.78,3.78,3.98,4,0.28,2,Roanoke College,N
2.96,3.66,3.75,4,4,0.34,19,Rochester Institute of Technology,N
3.77,3.91,3.94,3.99,4,0.1,4,Rollins College,N
2.9,3.61,3.7,4,4,0.36,33,Rose-Hulman Institute of Technology,N
4.8,4.9,4.9,5,5,0.14,2,Rostov University,N
3,3.63,3.71,4,4,0.3,36,Rutgers University,Y
3.04,3.75,3.91,4,4,0.29,13,"Rutgers, The State University of New Jersey",Y
7.59,8.58,8.24,10,10,0.69,22,SASTRA University,N
9.34,9.45,9.45,9.55,10,0.15,2,SDM College of Engineering and Technology,N
7.1,7.71,7.78,8.25,10,0.58,3,SGS Institute of Technology and Science,N
5.42,5.47,5.47,5.52,10,0.07,2,SNDT Women's University,N
6.05,8.72,8.83,9.9,10,0.79,36,SRM Institute of Science and Technology,N
77.2,87.08,87.66,92.94,100,4.31,14,SRM Institute of Science and Technology,N
7.39,8.89,9.07,10,10,0.65,46,SRM University,N
80.19,86.94,87.28,90.77,100,4.09,5,SRM University,N
6.68,8.25,8.37,9.17,10,0.56,24,SSN College of Engineering,N
3.73,3.91,3.92,4,4,0.1,6,SUNY at Buffalo,Y
3.29,3.64,3.61,3.92,4,0.26,5,SUNY at Stonybrook,Y
3.37,3.71,3.73,3.95,4,0.2,15,"Sabanci University in Istanbul, Turkey",N
3.3,3.62,3.62,3.93,4,0.45,2,Saint Louis University,Y
3.57,3.6,3.6,3.63,4,0.04,2,Saint Olaf College,N
4.69,4.83,4.83,4.96,5,0.19,2,Saint-Petersburg State Polytechnic University,N
3.44,3.76,3.9,3.94,4,0.23,5,San Diego State University,Y
2.23,3.26,3.11,3.97,4,0.72,5,San Jose State University,Y
3.2,3.73,3.83,3.89,4,0.23,9,Santa Clara University,Y
61,65.17,63.52,71,100,5.2,3,Sardar Patel College of Engineering,N
8,9.2,9.31,9.91,10,0.44,30,Sardar Patel Institute of Technology,N
61.96,64.19,62,68.6,100,3.82,3,Sardar Patel Institute of Technology,N
6.59,8.5,8.74,9.71,10,0.82,32,Sardar Vallabhbhai National Institute of Technology Surat,N
7.3,9.04,9.16,9.89,10,0.6,29,Savitribai Phule Pune University,N
62.33,71.03,70.93,77.4,100,4.96,7,Savitribai Phule Pune University,N
3.44,3.57,3.55,3.73,4,0.13,4,School of Engineering and Applied Science - Ahmedabad University,N
3.13,3.56,3.56,4,4,0.62,2,Sejong University,N
3,3.78,3.81,4.23,4,0.28,95,Seoul National University,N
14.8,16.65,17.13,18.03,20,1.67,3,Shahid Bahonar Kerman University,N
12.64,15.35,15.78,17.78,20,1.76,7,Shahid Beheshti University,N
3.7,3.83,3.83,3.96,4,0.18,2,Shahjalal University of Science and Technology,N
2.96,3.56,3.63,3.92,4,0.31,10,Shandong University,N
80.35,88.5,88.54,100,100,3.21,48,Shandong University,N
3.3,3.65,3.82,3.83,4,0.3,3,Shanghai International Studies University,N
2.8,3.64,3.66,4.1,4,0.21,326,Shanghai Jiao Tong University,N
80.16,88.12,88.11,100,100,2.7,342,Shanghai Jiao Tong University,N
3.5,3.6,3.6,3.7,4,0.1,3,Shanghai Jiaotong University,N
2.76,3.48,3.53,3.8,4,0.27,13,Shanghai University,N
78.97,83.12,83.12,87.28,100,5.88,2,Shanghai University,N
2.7,3.55,3.56,4,4,0.25,24,Shanghai University of Finance and Economics,N
3.29,3.42,3.42,3.56,4,0.19,2,Shanghai University of International Business and Economics,N
3.49,3.71,3.68,4,4,0.14,15,ShanghaiTech University,N
3.62,3.76,3.76,3.9,4,0.2,2,Sharif University of Technology,N
14.54,17.87,18.16,19.79,20,1.27,82,Sharif University of Technology,N
2.84,3.62,3.8,4.02,4,0.42,8,Shenzhen University,N
3.74,3.86,3.86,3.97,4,0.16,2,Shepherd University,N
2.92,3.26,3.26,3.6,4,0.48,2,Shippensburg University of Pennsylvania,N
15.3,16.11,15.84,17.19,20,0.97,3,Shiraz University,N
6.46,8.4,8.6,9.56,10,0.75,27,Shiv Nadar University,N
6.85,7.88,7.94,8.79,10,0.88,4,"Shivaji University, Kolhapur",N
61.39,65.71,64,71.73,100,5.38,3,"Shivaji University, Kolhapur",N
14.14,15.17,15.17,16.2,20,1.46,2,Shomal University,N
7.69,8,8,8.31,10,0.44,2,Shri Govindram Seksaria Institute of Technology and Science,N
8.16,9.07,9.07,9.99,10,1.29,2,Shri Mata Vaishno Devi University,N
8.49,8.91,8.57,9.68,10,0.67,3,Shri Ramdeobaba College of Engineering and Management,N
3.1,3.68,3.7,4,4,0.18,39,Sichuan University,N
76,87.03,87.25,92.38,100,4.23,14,Sichuan University,N
7.8,8.6,8.7,9.31,10,0.76,3,Sikkim Manipal University,N
3.57,3.93,3.9,4.3,4,0.23,21,Simon Fraser University,N
2.99,3.53,3.46,4,4,0.42,10,Singapore Management University,N
3.78,4.65,4.75,5,5,0.33,20,Singapore University of Technology and Design,N
3.84,3.9,3.88,3.98,4,0.06,4,Skidmore College,N
2.98,3.77,3.87,3.97,4,0.25,17,Smith College,Y
5.54,5.77,5.77,6,10,0.33,2,Sofia University,N
3.01,3.56,3.67,4.01,4,0.32,10,Sogang University,N
3.3,3.67,3.7,3.8,4,0.18,7,Soochow University,N
2.81,3.82,3.89,4.35,4,0.46,9,Soong Sil University,N
3.48,3.68,3.52,4.05,5,0.32,3,South China Agricultural University,N
83.04,86.98,88,89.9,100,3.54,3,South China Agricultural University,N
3.03,3.64,3.65,4,4,0.22,54,South China University of Technology,N
86.09,87.45,87,89.7,100,1.38,5,South China University of Technology,N
2.82,3.54,3.8,4,4,0.63,3,South Dakota School of Mines and Technology,N
86.62,88.52,88.52,90.41,100,2.68,2,South-Central University for Nationalities,N
3.14,3.67,3.65,3.98,4,0.21,60,Southeast University,N
81,87.99,89.32,93.21,100,3.57,24,Southeast University,N
2.8,3.33,3.33,3.85,4,0.74,2,Southeastern Louisiana University,Y
3.99,4,4,4,4,0.01,2,Southern Illinois University,Y
3.63,3.81,3.8,3.95,4,0.12,6,Southern Methodist University,N
3.28,3.75,3.78,3.91,4,0.14,22,Southern University of Science and Technology,N
81.21,85.91,85.91,90.6,100,6.64,2,Southwest China Normal University,N
3.3,3.56,3.65,3.7,4,0.17,5,"Southwest Jiaotong University, China",N
87.64,88.82,88.82,90,100,1.67,2,"Southwest Jiaotong University, China",N
3.2,3.54,3.7,3.71,4,0.29,3,Southwest University,N
4.04,4.31,4.31,4.58,5,0.38,2,Southwest University,N
3.76,3.78,3.78,3.8,4,0.03,2,Southwestern University,N
3.6,3.77,3.81,3.9,5,0.15,3,Southwestern University of Finance and Economics,N
82.88,86.8,87.78,88.77,100,2.73,4,Southwestern University of Finance and Economics,N
9.28,9.51,9.58,9.66,10,0.2,3,Sreenidhi Institute of Science and Technology,N
8.95,9.39,9.34,9.79,10,0.29,12,Sri Jayachamarajendra College Of Engineering,N
8.55,9.05,8.79,9.81,10,0.67,3,Sri Venkateswara College of Engineering,N
9.66,9.7,9.7,9.74,10,0.06,2,Ss. Cyril and Methodius University in Skopje,N
3.16,3.4,3.17,3.87,4,0.4,3,St. Lawrence University,N
3.38,3.58,3.58,3.78,4,0.28,2,St. Olaf College,N
53.6,71.22,76.06,84,100,15.77,3,St. Xavier's College,N
2.88,3.83,3.91,4.15,4,0.25,90,Stanford University,N
7.38,7.94,7.94,8.5,10,0.79,2,State University of Campinas,N
3.68,3.89,3.96,3.97,4,0.14,4,State University of New York at Stony Brook,Y
3.42,3.71,3.71,4,4,0.41,2,"State University of New York, Albany",Y
3.55,3.81,3.84,4,4,0.23,4,"State University of New York, Binghamton",Y
3.72,3.83,3.83,3.95,4,0.16,2,"State University of New York, Buffalo",Y
3.5,3.51,3.51,3.52,4,0.01,2,"State University of New York, College at Geneseo",Y
4.91,4.93,4.93,4.95,5,0.03,2,Stavropol State University,N
3.4,3.78,3.88,3.99,4,0.24,5,Stevens Institute of Technology,N
3.11,3.74,3.85,4,4,0.28,19,Stony Brook University,Y
3.3,3.77,3.8,4,4,0.19,20,"Sun Yat-Sun University, China",N
3.8,4.04,4.08,4.2,5,0.17,4,"Sun Yat-Sun University, China",N
86,88.23,88,90.7,100,2.36,3,"Sun Yat-Sun University, China",N
3.3,3.76,3.8,4,4,0.16,95,Sun Yat-sen University,N
2.9,3.87,3.9,4.3,5,0.3,34,Sun Yat-sen University,N
83,88.74,89,94.4,100,2.2,22,Sun Yat-sen University,N
3.84,4.1,4.05,4.42,4,0.22,6,Sung Kyun Kwan University,N
3,3.7,3.75,4,4,0.23,39,Swarthmore College,Y
5.47,5.54,5.52,5.65,10,0.07,5,Swiss Federal Institute of Technology,N
3.13,3.36,3.37,3.73,4,0.23,5,Symbiosis Institute of Technology,N
7.23,7.29,7.29,7.34,10,0.08,2,Symbiosis Institute of Technology,N
3.2,3.32,3.32,3.45,4,0.18,2,"Symbiosis International University,Pune, India",N
8.57,8.79,8.79,9.02,10,0.32,2,"Symbiosis International University,Pune, India",N
3.56,3.78,3.8,3.98,4,0.17,7,Syracuse University,N
3.38,3.51,3.46,3.75,4,0.16,4,TOBB University of Economics and Technology,N
17.04,17.31,17.31,17.58,20,0.38,2,Tarbiat Moallem University,N
3.6,3.79,3.79,3.98,4,0.27,2,Taylor University,N
8,8.68,8.62,9.54,10,0.63,5,Technical University of Crete,N
1.17,1.19,1.19,1.22,-6,0.04,2,Technical University of Darmstadt,N
1.1,1.52,1.5,2.3,-6,0.49,5,Technical University of Munich,N
79.4,90.05,91.9,97.4,100,4.64,15,Technion-Israel Institute of Technology,N
16.07,16.91,16.91,17.76,20,1.2,2,Tehran University,N
76,89.12,90,97.5,100,5.76,19,Tel Aviv University,N
3.6,3.75,3.73,3.94,4,0.15,4,Temple University,Y
3.01,3.8,3.87,4,4,0.23,19,Texas A and M University,Y
3.25,3.71,3.79,3.93,4,0.27,5,Texas Christian University,Y
3.1,3.37,3.32,3.69,4,0.3,3,Texas State University San Marcos,Y
3.5,3.75,3.75,4,4,0.25,3,Texas Tech University,Y
6.89,8.39,8.26,9.44,10,0.92,7,Thadomal Shahani Engineering College,N
69.27,69.84,69.84,70.42,100,0.81,2,Thadomal Shahani Engineering College,N
7.84,8.57,8.62,9.21,10,0.67,4,Thakur College of Engineering and Technology,N
3.23,3.46,3.43,3.78,4,0.23,5,Thammasat University,N
7.58,8.96,8.94,10,10,0.65,23,Thapar Institute of Engineering and Technology,N
6.14,8.29,8.56,9.88,10,1.1,23,Thapar University,N
3.3,3.78,3.92,3.99,4,0.32,4,The City College of New York,Y
3.43,3.6,3.59,3.78,4,0.14,5,The College of New Jersey,Y
3.48,3.72,3.81,3.86,4,0.17,5,The College of William and Mary,Y
3.17,3.4,3.37,3.74,4,0.22,7,The Cooper Union,Y
3.08,3.69,3.69,4.24,4,0.26,48,The Hong Kong Polytechnic University,N
8.64,8.75,8.75,8.87,10,0.16,2,The ICFAI University,N
7.34,8.41,8.48,9.43,10,0.82,8,The LNM Institute of Information Technology,N
4,4,4,4,4,0,2,The Maharaja Sayajirao University of Baroda,N
8.68,9.01,8.93,9.41,10,0.37,3,"The NorthCap University, Gurgaon, India",N
86,91,91,96,100,7.07,2,The Open University of Israel,N
64.9,67.45,67.45,70,100,3.61,2,"The Technological Institute of Textiles and Sciences, Bhiwani-Haryana",N
8.67,8.96,9.05,9.16,10,0.26,3,"Thiagarajar College of Engineering, Madurai",N
2.85,3.57,3.66,3.9,4,0.28,54,Tianjin University,N
81.67,87.43,88.36,92.42,100,3.69,12,Tianjin University,N
3,3.43,3.43,3.86,4,0.61,2,Tianjing University,N
3.2,3.46,3.46,3.72,4,0.37,2,Tokyo Institute of Technology,N
84.2,86.03,86.03,87.87,100,2.6,2,Tokyo Institute of Technology,N
4.7,4.85,4.85,5,5,0.21,2,Tomsk State University,N
3,3.62,3.91,3.96,4,0.44,5,Tongji University,N
3.19,4.47,4.57,4.92,5,0.38,67,Tongji University,N
73,88.18,89.56,100,100,5.17,31,Tongji University,N
3.64,3.75,3.75,3.86,4,0.15,2,Transylvania University,N
74.56,81.41,81.93,87.24,100,5.55,4,Tribhuvan University,N
3.51,3.84,3.88,4.1,4,0.25,4,Trinity College,N
3.36,3.61,3.59,3.84,4,0.22,5,Trinity University,N
2.6,3.63,3.69,4,4,0.22,293,Tsinghua University,N
75.78,89.04,89.4,100,100,3.11,649,Tsinghua University,N
3.24,3.72,3.79,4,4,0.23,24,Tufts University,Y
3.35,3.64,3.7,3.85,4,0.19,5,Tulane University,Y
3.64,3.82,3.82,4,4,0.25,2,Tunghai University,N
3.93,4.18,4.31,4.31,5,0.22,3,UNIVERSIDAD DE LOS ANDES,N
3.73,3.77,3.79,3.8,4,0.04,3,Ulsan National Institute of Science and Technology,N
3.16,3.58,3.58,4,4,0.59,2,Umm Al-Qura University,N
3.14,3.63,3.71,3.86,4,0.29,5,Union College,N
3.7,3.8,3.76,3.94,4,0.11,5,United States Air Force Academy,Y
3.14,3.75,3.76,4.03,4,0.25,14,United States Military Academy,Y
2.95,3.57,3.67,4,4,0.49,4,United States Naval Academy,Y
9.36,9.45,9.45,9.53,10,0.12,2,Universidad Anahuac,N
9.14,9.32,9.32,9.49,10,0.25,2,Universidad AutÃ³noma de Madrid,N
5,5.78,5.8,6.5,7,0.54,9,Universidad Catolica de Chile,N
8.37,9.15,9.12,10,10,0.69,4,Universidad Nacional Autonoma de Mexico,N
3.5,3.57,3.57,3.65,4,0.1,2,Universidad Nacional de Ingenieria,N
4.47,4.67,4.67,4.86,5,0.28,2,Universidad Simon Bolivar,N
6.18,7.14,7.33,7.92,10,0.88,3,"Universidad Tecnologica Nacional, Buenos Aires",N
9.27,9.34,9.34,9.42,10,0.11,2,Universidad de Buenos Aires,N
87,93.3,93.3,99.6,100,8.91,2,Universidad de Sonora,N
3.71,4.32,4.23,4.89,5,0.45,7,Universidad de los Andes,N
3.6,4.35,4.4,4.91,5,0.58,5,"Universidade Federal de Minas Gerais, Brazil",N
64.21,71.53,71.53,78.85,100,10.35,2,Universidade Federal de Uberlandia,N
7.8,8.32,8.32,8.84,10,0.74,2,Universidade Federal do Rio Grande do Norte,N
8,8.89,8.66,10,10,1.02,3,Universidade Federal do Rio Grande do Sul,N
7.4,8.53,9.1,9.1,10,0.98,3,Universidade Federal do Rio de Janeiro,N
3.74,4.23,4.28,4.65,5,0.32,5,Universidade de Brasilia,N
7.2,7.74,7.73,8.3,10,0.45,4,Universidade de Sao Paulo,N
3.04,3.46,3.46,3.87,4,0.59,2,Universitas Bina Nusantara,N
3.89,3.98,4,4,4,0.05,5,University College London,N
68,77.49,79.44,83,100,5.32,6,University College London,N
7.24,7.99,8.33,8.4,10,0.65,3,University Of Khartoum,N
8.54,9.14,9.28,9.47,10,0.41,4,University Of Science Ho Chi Minh City,N
3.5,3.63,3.64,3.76,4,0.13,3,University of Akron,Y
3.65,3.88,4,4,4,0.2,3,University of Alabama,Y
3.97,3.99,3.99,4,4,0.02,2,"University of Alabama, Huntsville",Y
3.1,3.62,3.7,3.97,4,0.29,9,University of Alberta,Y
2.58,3.73,3.81,4,4,0.35,17,University of Arizona,Y
2.8,3.48,3.61,3.89,4,0.5,4,University of Arkansas,Y
3.31,3.52,3.54,3.71,4,0.2,3,University of Arkansas at Little Rock,Y
7,8.45,8.57,9.92,10,0.76,19,University of Athens,N
7.51,7.87,7.7,8.75,9,0.5,5,"University of Auckland, New Zealand",Y
55,57.87,57.87,60.74,100,4.06,2,University of Bath,N
8.7,9.12,9.24,9.42,10,0.37,3,University of Belgrade,N
80,83.6,83.2,87.6,100,3.82,3,University of Birmingham,N
3.85,4.2,4.3,4.33,4,0.23,4,University of British Columbia,Y
68,86.75,86.65,96.2,100,6.53,38,University of British Columbia,Y
9.75,9.84,9.84,9.94,10,0.13,2,University of Bucharest,N
53.75,60.56,53.93,74,100,11.64,3,University of Calcutta,N
2.5,3.43,3.7,3.85,4,0.55,5,University of Calgary,N
2.31,3.69,3.76,4,4,0.27,388,"University of California, Berkeley",Y
2.97,3.7,3.79,4,4,0.29,55,"University of California, Davis",Y
2.75,3.71,3.79,4,4,0.26,65,"University of California, Irvine",Y
2.58,3.71,3.8,4,4,0.26,220,"University of California, Los Angeles",Y
3.57,3.8,3.87,3.99,4,0.17,6,"University of California, Riverside",Y
2.86,3.73,3.8,4,4,0.22,264,"University of California, San Diego",Y
1.9,3.72,3.83,4,4,0.32,62,"University of California, Santa Barbara",Y
3.2,3.61,3.63,3.98,4,0.26,19,"University of California, Santa Cruz",Y
1,2.73,3.3,3.9,4,1.53,3,University of Cambridge,Y
67,75.81,77,82.22,100,7.56,4,University of Cambridge,Y
90.77,90.94,90.94,91.1,100,0.23,2,University of Campinas,N
2.89,3.63,3.66,4,4,0.34,18,University of Central Florida,Y
2.63,3.61,3.68,3.97,4,0.27,56,University of Chicago,Y
5.7,6.3,6.25,7,7,0.55,4,University of Chile,N
3.51,3.71,3.72,3.89,4,0.14,13,University of Chinese Academy of Sciences,N
3.26,3.67,3.68,4,4,0.31,5,University of Cincinnati,Y
14,16.3,17.2,17.71,20,2.01,3,University of Coimbra,N
3.64,3.79,3.76,4,4,0.16,4,"University of Colombo, Sri Lanka",N
2.4,3.53,3.64,3.99,4,0.43,17,University of Colorado at Boulder,N
2.97,3.75,3.77,3.98,4,0.27,15,University of Connecticut,N
7.32,8.13,7.41,9.66,10,1.33,3,University of Crete,N
7.55,8.37,8.53,9.04,10,0.76,3,University of Cyprus,N
3,3.69,3.89,3.97,4,0.46,4,University of Dayton,Y
3.2,3.72,3.79,3.9,4,0.24,7,University of Delaware,Y
8.34,8.79,8.85,9.11,10,0.33,4,University of Delhi,N
65.22,78.03,77.87,100,100,7.7,34,University of Delhi,N
3.1,3.65,3.75,4,4,0.4,4,University of Denver,Y
3.11,3.46,3.46,3.81,4,0.49,2,University of Detroit,Y
3.64,3.81,3.83,3.96,4,0.16,3,University of Dhaka,N
6.56,6.78,6.78,7,10,0.31,2,University of Economics Ho Chi Minh City,N
3.25,3.8,3.88,4,4,0.25,8,University of Edinburgh,Y
64.5,76.09,78.82,83,100,6.15,14,University of Edinburgh,Y
2.95,3.81,3.88,4,4,0.2,113,University of Electronic Science and Technology of China,N
84.8,88.96,88.91,100,100,3.83,15,University of Electronic Science and Technology of China,N
3.19,3.6,3.59,3.95,4,0.24,7,"University of Engineering and Technology, Lahore",N
72.25,73.88,72.5,76.88,100,2.6,3,"University of Engineering and Technology, Lahore",N
3.81,3.81,3.81,3.81,4,0.01,2,University of Evansville,N
3.26,3.79,3.8,4.99,4,0.38,19,University of Florida,Y
3.13,3.76,3.87,3.95,4,0.26,9,University of Georgia,Y
2.82,3.37,3.42,3.88,4,0.53,3,University of Ghana,N
82,92.3,94,97.79,100,6.09,5,University of Haifa,N
2.25,3.66,3.68,4.1,4,0.26,106,University of Hong Kong,N
3.41,3.64,3.63,3.9,4,0.21,4,University of Houston,Y
3.51,3.63,3.63,3.76,4,0.18,2,University of Houston - Downtown,Y
3.31,3.6,3.49,4,4,0.36,3,University of Houston-Clear Lake,Y
9.77,9.82,9.82,9.87,10,0.07,2,"University of Iasi, Romania",N
4.9,5.55,5.55,6.2,7,0.92,2,University of Ibadan,N
7.73,8.63,8.65,9.48,10,0.97,4,University of Iceland,N
2.39,3.78,3.87,4,4,0.25,414,University of Illinois at Urbana-Champaign,Y
3.36,3.6,3.52,4,4,0.28,4,"University of Illinois, Chicago",Y
3.59,3.79,3.8,3.99,4,0.2,4,University of Indonesia,N
3.52,3.75,3.7,4,4,0.16,7,University of International Business and Economics,N
88,89,88.51,91,100,1.41,4,University of International Business and Economics,N
3.33,3.61,3.63,3.92,4,0.21,5,University of International Relations,N
3.58,3.84,3.82,4.13,4,0.15,11,University of Iowa,Y
15.03,16.57,16.57,18.12,20,2.18,2,University of Isfahan,N
3.04,3.48,3.52,3.79,4,0.28,5,University of Jordan,N
3,3.71,3.94,4,4,0.42,6,University of Kansas,Y
1.1,1.55,1.55,2,-6,0.64,2,University of Karlsruhe,N
2.9,3.7,3.81,4,4,0.35,16,University of Kentucky,Y
7.9,8.07,7.98,8.32,10,0.22,3,University of Kerala,N
71,73.65,73.65,76.3,100,3.75,2,University of Kerala,N
4.46,4.53,4.53,4.59,5,0.09,2,University of Lagos,N
9.67,9.69,9.69,9.71,10,0.03,2,University of Latvia,N
3.76,3.84,3.84,3.93,4,0.12,2,University of Leeds,N
15,15.5,15.5,16,20,0.71,2,University of Lisbon,N
73,83.92,85,93.75,100,10.42,3,University of Liverpool,N
9.54,9.77,9.8,9.96,10,0.21,3,University of Ljubljana,N
64.12,71.51,72.3,78.1,100,7.02,3,University of London,Y
3.8,3.81,3.81,3.83,4,0.02,2,University of Louisville,N
3.28,3.61,3.5,3.92,4,0.28,5,University of Macau,N
72.54,79.68,80,86.5,100,6.99,3,University of Madras,N
3.62,3.78,3.85,3.88,4,0.14,3,University of Maine,Y
76.7,79.85,79.85,83,100,4.45,2,University of Manchester,Y
3.44,3.65,3.62,3.95,4,0.2,5,University of Maryland,Y
3.13,3.79,3.92,4,4,0.28,14,"University of Maryland, Baltimore County",Y
3,3.7,3.81,4,4,0.28,72,"University of Maryland, College Park",Y
3.79,3.87,3.88,3.92,4,0.06,4,University of Massachusetts,Y
3.9,3.95,3.95,4,4,0.07,2,University of Massachusetts Lowell,Y
2.9,3.71,3.86,4,4,0.31,35,University of Massachusetts at Amherst,Y
73,82.44,82.55,92.16,100,5.61,8,University of Melbourne,Y
3.49,3.7,3.66,3.99,4,0.21,4,University of Memphis,Y
3.58,3.78,3.77,3.99,4,0.14,9,University of Miami,Y
3.47,3.85,3.89,4,4,0.15,39,University of Michigan,Y
3.3,3.58,3.55,3.8,4,0.16,19,University of Michigan - Shanghai Jiao Tong University Joint Institute,N
2.73,3.83,3.89,4,4,0.19,330,"University of Michigan, Ann Arbor",Y
2.8,3.77,3.87,4,4,0.35,11,University of Minnesota,Y
3.75,3.89,3.94,4,4,0.1,5,"University of Minnesota, Duluth",Y
2.87,3.51,3.57,3.95,4,0.39,5,"University of Minnesota, Morris",Y
3.2,3.8,3.85,4,4,0.2,44,"University of Minnesota, Twin Cities",Y
3.1,3.81,3.9,4,4,0.26,12,University of Missouri,Y
3.65,3.75,3.75,3.85,4,0.14,2,"University of Missouri, Kansas City",Y
3.71,3.85,3.9,3.94,4,0.12,3,University of Montreal,N
3.99,4.06,4.06,4.13,4,0.1,2,"University of Moratuwa, Sri Lanka",N
6.85,8.66,8.7,9.87,10,0.75,68,University of Mumbai,N
54,67.66,67,82.48,100,6.42,31,University of Mumbai,N
2.99,3.76,3.86,3.98,4,0.32,9,University of Nebraska,Y
3.5,3.78,3.84,3.94,4,0.2,4,University of Nevada,Y
3.35,3.72,3.76,4,4,0.27,4,University of New Hampshire,Y
4.01,4.03,4.03,4.04,4,0.02,2,University of New Mexico,Y
3.35,3.51,3.5,3.67,4,0.16,3,University of New Orleans,Y
3.75,3.77,3.77,3.8,4,0.04,2,University of New South Wales,Y
77.55,82.98,82.98,88.41,100,7.68,2,University of New South Wales,Y
2.82,3.72,3.82,4,4,0.27,50,University of North Carolina,Y
2.53,3.38,3.49,4,4,0.64,4,"University of North Carolina, Charlotte",Y
3.83,3.92,3.92,4,4,0.12,2,University of North Dakota,Y
3.2,3.71,3.79,3.99,4,0.23,24,University of Notre Dame,Y
3.14,3.84,3.92,4,4,0.21,20,University of Nottingham,N
68,78.38,77.5,90,100,8.34,12,University of Nottingham,N
3.2,3.71,3.78,4,4,0.29,10,University of Oklahoma,Y
4.02,4.06,4.06,4.11,4,0.06,2,University of Oregon,Y
8.9,9.23,9.2,9.58,10,0.34,3,University of Ottawa,N
66,74.32,74.5,83,100,6.66,5,University of Oxford,Y
7.82,8.62,8.77,9.1,10,0.43,8,University of Patras,N
2.79,3.68,3.75,4,4,0.3,48,University of Pennsylvania,Y
28.2,28.3,28.3,28.4,30,0.14,2,University of Pisa,N
2.74,3.69,3.8,4,4,0.31,39,University of Pittsburgh,Y
3.3,3.68,3.74,4,4,0.35,3,University of Pittsburgh at Johnstown,Y
3.45,3.73,3.73,4,4,0.39,2,University of Portland,Y
17,18,18,19,20,1,3,"University of Porto, Portugal",N
3,3.59,3.67,4,4,0.28,12,University of Puerto Rico,N
3.76,3.85,3.85,3.95,4,0.13,2,University of Puget Sound,Y
1,3.22,3.68,3.88,4,1.01,7,"University of Pune, India",N
8.73,8.82,8.82,8.92,10,0.13,2,"University of Pune, India",N
55,67.97,68.8,78.58,100,5.51,41,"University of Pune, India",N
3.58,3.84,3.86,4,4,0.15,9,University of Richmond,Y
2.48,3.71,3.79,4,4,0.3,79,University of Rochester,Y
3.74,3.78,3.78,3.81,4,0.05,2,University of San Diego,Y
3.83,3.83,3.83,3.84,4,0.01,2,University of San Francisco,Y
7.8,7.85,7.85,7.9,10,0.07,2,University of Sao Paulo,N
3.46,3.69,3.69,3.91,4,0.32,2,University of Science and Technology Beijing,N
3.14,3.31,3.19,3.74,4,0.29,4,"University of Science and Technology of China, Beijing",N
2.4,3.64,3.7,4.18,4,0.3,186,"University of Science and Technology of China, Hefei",N
80,85.24,85.12,90.6,100,2.46,16,"University of Science and Technology of China, Hefei",N
2.87,3.62,3.7,3.85,4,0.25,13,"University of Science and Technology, Beijing",N
93,93.4,93.4,93.8,100,0.57,2,"University of Science and Technology, Beijing",N
3.2,3.41,3.41,3.61,4,0.29,2,University of Scranton,Y
3.52,3.62,3.61,3.81,4,0.12,5,University of Shanghai for Science and Technology,N
83,86.5,86.5,90,100,4.95,2,University of Shanghai for Science and Technology,N
3.7,3.91,3.93,4,4,0.11,9,University of South Carolina,Y
3.12,3.61,3.66,4,4,0.39,4,University of South Florida,Y
2.91,3.74,3.75,4,4,0.21,77,University of Southern California,Y
3.9,3.95,3.95,3.99,4,0.06,2,University of St. Thomas,Y
71,81.17,78.5,90.6,100,7.3,9,University of Sydney,Y
13.29,16.97,17.07,18.69,20,1.48,21,University of Tehran,N
82.25,85.12,85.12,88,100,4.07,2,University of Tehran,N
3.35,3.81,3.91,4,4,0.24,8,"University of Tennessee, Knoxville",Y
3.76,3.9,3.95,4,4,0.13,3,University of Texas,Y
3.8,3.9,3.9,4,4,0.14,2,"University of Texas, Arlington",Y
2.26,3.72,3.79,4,4,0.28,103,"University of Texas, Austin",Y
3.1,3.71,3.76,3.99,4,0.28,16,"University of Texas, Dallas",Y
3.8,3.9,3.9,4,4,0.14,2,"University of Texas, San Antonio",Y
8.06,8.64,8.64,9.22,10,0.82,2,University of Thessaly at Volos,N
2.27,2.44,2.44,2.61,3,0.24,2,University of Tokyo,N
3.09,3.52,3.6,3.89,4,0.25,15,University of Tokyo,N
1.82,3.7,3.81,4,4,0.35,143,University of Toronto,Y
3.21,3.69,3.83,4,4,0.33,8,University of Tulsa,Y
8.12,8.21,8.21,8.3,10,0.12,2,University of Twente,N
3.1,3.66,3.73,3.98,4,0.27,14,University of Utah,Y
3.65,3.81,3.81,3.96,4,0.13,4,University of Vermont,Y
2.16,3.64,3.73,3.99,4,0.33,97,University of Virginia,Y
4.04,4.37,4.37,4.69,5,0.28,4,University of Warsaw,N
3.87,3.87,3.87,3.88,4,0,2,University of Warwick,N
65.4,66.72,66.72,68.05,100,1.87,2,University of Warwick,N
3.03,3.72,3.78,4,4,0.19,140,University of Washington,Y
3.56,3.78,3.83,3.95,4,0.17,5,University of Waterloo,Y
62.12,88.59,89.77,100,100,6.04,90,University of Waterloo,Y
3.69,3.8,3.77,3.94,4,0.13,3,University of Wisconsin,Y
3.39,3.5,3.5,3.62,4,0.16,2,University of Wisconsin - La Crosse,Y
3.32,3.67,3.81,3.88,4,0.31,3,"University of Wisconsin, Eau Claire",Y
2.7,3.78,3.83,4,4,0.25,113,"University of Wisconsin, Madison",Y
2.67,3.65,3.88,3.95,4,0.55,5,University of Wyoming,Y
4.07,4.61,4.71,4.98,5,0.34,6,University of Zagreb,N
5.51,5.65,5.65,5.8,10,0.21,2,University of Zurich,N
3.81,3.88,3.88,3.96,4,0.11,2,University of the Virgin Islands,N
3.41,3.5,3.5,3.58,4,0.12,2,Ursinus College,N
3.63,3.74,3.74,3.85,4,0.16,2,Utah State University,Y
3.7,3.73,3.73,3.76,4,0.04,2,Utah Valley University,Y
65.5,73.85,73.67,81,100,5.45,12,Uttar Pradesh Technical University,N
71.76,75.88,75.88,80,100,5.83,2,Uttarakhand Technical University,N
7.31,8.7,8.81,10,10,0.58,54,VIT University,N
8.7,8.71,8.71,8.72,10,0.01,2,VNR Vignana Jyothi Institute of Engineering and Technology,N
3.7,3.84,3.84,3.99,4,0.2,2,Valparaiso University,N
3,3.71,3.86,4,4,0.3,35,Vanderbilt University,Y
2.9,3.64,3.74,3.98,4,0.29,14,Vassar College,Y
7.9,8.12,8.12,8.33,10,0.3,2,Veer Surendra Sai University of Technology,N
6.2,8.71,8.89,9.82,10,0.7,50,Veermata Jijabai Technological Institute,N
7.14,8.85,8.9,9.89,10,0.49,221,Vellore Institute of Technology,N
7,7.93,7.93,8.87,10,1.32,2,"Vidyalankar Institute of Technology, Mumbai",N
56.6,64.51,66.78,71.67,100,7.12,5,"Vidyalankar Institute of Technology, Mumbai",N
1.08,1.18,1.18,1.28,-6,0.14,2,Vienna University of Technology,N
3.51,3.79,3.88,3.99,4,0.21,6,Villanova University,Y
3.03,3.62,3.84,4,4,0.52,3,Virginia Commonwealth University,Y
2.69,3.55,3.65,4,4,0.37,27,Virginia Polytechnic Institute and State University,Y
7.3,8.83,8.93,9.83,10,0.74,25,"Vishwakarma Institute of Technology, Pune",N
6.58,8.29,8.19,9.88,10,0.81,27,Visvesvaraya National Institute of Technology,N
2.47,3.56,3.84,3.94,4,0.62,5,Visvesvaraya Technological University,N
6.74,8.58,8.49,9.8,10,0.76,33,Visvesvaraya Technological University,N
61.82,75.24,76.09,83.88,100,6.1,41,Visvesvaraya Technological University,N
63.24,73.86,74,82.43,100,5.55,9,Visveswaraiah Technological University,N
6.2,8.76,8.98,9.85,10,0.91,12,"Visveswaraiah Technological University, Belgaum",N
58.3,75.42,76.08,87,100,7.26,35,"Visveswaraiah Technological University, Belgaum",N
7.31,8.62,8.62,9.55,10,0.72,13,Vivekanand Education Society's Institute of Technology,N
76.92,79.22,80.13,80.62,100,2.01,3,Vivekanand Education Society's Institute of Technology,N
4,4.5,4.5,5,5,0.71,2,Voronezh State University,N
3.43,3.82,3.88,3.99,4,0.18,13,Wake Forest University,Y
3.87,3.92,3.92,3.97,4,0.07,2,Wartburg College,N
3.32,3.57,3.52,3.93,4,0.28,4,"Waseda University, Japan",N
3.1,3.55,3.55,4,4,0.64,2,Washington State University,Y
3.33,3.7,3.81,4,4,0.23,7,Washington University,Y
3.13,3.78,3.84,4,4,0.23,45,Washington University in St. Louis,Y
3.37,3.57,3.57,3.77,4,0.29,2,Washington and Jefferson College,Y
3.29,3.66,3.71,3.95,4,0.3,4,Washington and Lee University,Y
3.31,3.67,3.72,3.93,4,0.27,4,Wayne State University,N
3.6,3.65,3.65,3.7,4,0.07,2,Weber State University,N
3.17,3.53,3.51,3.98,4,0.26,15,Wellesley College,Y
2.54,2.97,3.07,3.29,4,0.39,3,Wentworth Institute of Technology,N
3.51,3.82,3.76,4.12,4,0.18,16,Wesleyan University,Y
7.6,8.59,8.66,10,10,0.53,40,West Bengal University of Technology,N
2.98,3.72,3.87,3.98,4,0.34,8,West Virginia University,Y
3.27,3.47,3.38,3.77,4,0.26,3,Western Kentucky University,Y
3.81,3.83,3.83,3.84,4,0.02,2,Western Michigan University,Y
3.7,3.79,3.79,3.89,4,0.13,2,Western Oregon State College,Y
3.43,3.74,3.78,3.97,4,0.24,5,Western Washington University,Y
3.87,3.91,3.92,3.94,4,0.03,4,Westminster College,Y
2.81,3.47,3.59,3.89,4,0.47,4,Wheaton College,Y
3.09,3.19,3.19,3.3,4,0.15,2,Whitman College,N
3.79,3.85,3.85,3.91,4,0.09,2,Whitworth University,N
3.6,3.8,3.8,4,4,0.28,2,Widener University,N
3.35,3.78,3.85,4.07,4,0.19,23,Williams College,Y
3.66,3.74,3.74,3.81,4,0.11,2,Winona State University,N
3.1,3.79,3.87,4,4,0.22,18,Worcester Polytechnic Institute,N
3.72,3.83,3.83,3.93,4,0.15,2,Wright State University,N
2.83,3.69,3.75,4,4,0.22,149,Wuhan University,N
80,86.93,87.5,92.84,100,3.54,37,Wuhan University,N
3.28,3.62,3.7,3.87,4,0.24,7,Wuhan University of Technology,N
85,88.51,89.33,91.2,100,3.18,3,Wuhan University of Technology,N
3.59,3.79,3.79,3.98,4,0.28,2,Xavier University,N
2.24,3.44,3.52,3.96,4,0.52,10,Xi'an Jiaotong University,N
80,86.1,86.78,93.67,100,6.08,5,Xi'an Jiaotong University,N
3,3.57,3.65,3.98,4,0.29,25,"Xi'an Jiaotong University, China",N
75.23,87.62,87.55,100,100,4.1,43,"Xi'an Jiaotong University, China",N
3.52,3.73,3.75,3.92,4,0.2,3,Xi'an Jiaotong-Liverpool University,N
67,73.62,71.75,84,100,7.41,4,Xi'an Jiaotong-Liverpool University,N
3,3.57,3.6,3.9,4,0.21,36,Xiamen University,N
75,83.85,86.05,88.3,100,6.02,4,Xiamen University,N
3.34,3.57,3.36,4,4,0.38,3,Xiamen University Malaysia,N
2.1,3.5,3.6,4,4,0.46,16,Xidian University,N
80,87.99,87.35,100,100,4.76,16,Xidian University,N
8.88,9.16,9.16,9.45,10,0.4,2,"YMCA University of Science and Technology, Faridabad",N
2.64,3.71,3.79,4,4,0.29,45,Yale University,Y
3.6,3.8,3.83,3.95,4,0.15,4,Yeshiva University,N
3.47,3.81,3.79,4.24,4,0.21,16,Yonsei University,N
3.27,3.84,3.93,4.22,4,0.33,14,"Yonsei University, Seoul, Korea",N
8.4,8.57,8.5,8.81,9,0.21,3,York University,Y
3.96,3.98,3.98,4,4,0.02,4,Youngstown State University,Y
3.16,3.51,3.49,3.96,4,0.35,6,Yuan Ze University,N
3,3.21,3.23,3.4,4,0.2,3,Yunnan University,N
3.8,3.9,3.9,3.99,4,0.13,2,Zhejiang Gongshang University,N
87.83,88.92,88.92,90.01,100,1.54,2,Zhejiang Gongshang University,N
3.27,3.33,3.33,3.38,4,0.08,2,Zhejiang Normal University,N
88,88.12,88.12,88.23,100,0.16,2,Zhejiang Normal University,N
3.07,3.81,3.85,4,4,0.16,494,Zhejiang University,N
3.5,3.99,4.04,4.39,5,0.38,5,Zhejiang University,N
78.91,88.73,88.95,92.7,100,2.49,41,Zhejiang University,N
3.82,3.91,3.91,3.99,4,0.12,2,Zhejiang University City College,N
3.7,3.85,3.91,3.95,4,0.13,3,Zhejiang University of Technology,N
4.05,4.53,4.53,5,5,0.67,2,Zhejiang University of Technology,N
83,87.27,87.05,91,100,3.07,8,Zhejiang University of Technology,N
3.4,3.68,3.8,3.84,4,0.24,3,Zhengzhou University,N
3.14,3.64,3.75,3.81,4,0.28,5,Zhongnan University of Economics and Law,N
